sep=,
 ,acid,atom,baby,ball,band,bear,bell,bike,bird,boat,body,bomb,bone,book,bush,card,cash,chat,city,coat,coin,cold,crab,data,deck,deer,disc,door,draw,drum,face,fire,fish,flag,foot,fort,frog,game,gate,gear,girl,goat,gold,golf,hair,hand,head,hero,hill,holy,idea,iron,jump,king,leaf,lime,lion,lock,love,luck,mail,meat,milk,moon,nest,nose,ogre,park,peak,pill,pipe,plug,pond,pony,pool,quiz,rail,rain,ring,road,rock,rose,sand,seal,ship,shoe,snow,sock,song,star,tank,time,tree,vase,wall,warm,wave,well,wind,wolf,wood,xray,yarn,zero,
door, , , , , , , , , , , , , , , , , , , , , , , , , , , , ,4 : boor-broo-brow-braw,2 : dour-doum,4 : doer-dore-fore-fare,3 : doer-dore-fore,4 : poor-pooh-posh-pish,5 : boor-boar-boat-blat-flat,2 : boor-boot,3 : boor-boot-foot,4 : boor-broo-brow-frow,4 : doer-dore-dare-dame,4 : doer-dore-dare-date,3 : boor-boar-bear,4 : doer-dore-dire-dirl,3 : boor-boar-boat,2 : rood-good,3 : poor-poof-goof,4 : boor-boar-hoar-haar,4 : doer-hoer-hoed-haed,3 : rood-road-read,2 : doer-hoer,4 : moor-mool-moll-mill,3 : rood-hood-hold,4 : doer-does-dies-ides,4 : dorr-torr-tori-nori,4 : poor-poop-pomp-pump,5 : boor-book-kook-konk-kink,4 : boor-boar-bear-lear,4 : moor-mool-moil-limo,3 : boor-boon-loon,3 : boor-book-look,3 : doer-dore-lore,4 : boor-book-look-lock,3 : moor-mool-moil,3 : moor-moot-moat,4 : moor-mood-mold-mild,1 : moor,5 : boor-boar-bear-near-neat,3 : doer-does-noes,2 : doer-goer,3 : dorr-dork-pork,4 : boor-boar-bear-pear,3 : poor-pool-poll,4 : doer-dore-pore-pope,4 : dour-sour-slur-slug,2 : poor-pood,3 : poor-pood-pond,1 : poor,6 : doer-deer-deet-duet-duit-quit,4 : moor-mool-moil-roil,5 : boor-boon-coon-coin-cain,5 : boor-boos-bios-bins-rins,1 : rood,2 : rood-rook,2 : doer-rode,4 : dorr-dors-sord-sard,4 : boor-boar-soar-sear,4 : poor-pooh-posh-pish,3 : doer-hoer-hoes,4 : boor-boon-soon-sown,3 : boor-book-sook,4 : boor-book-bonk-bong,3 : boor-boar-soar,4 : boor-book-bonk-bank,4 : doer-dore-tore-tire,3 : doer-deer-dree,4 : doer-rode-rose-rase,4 : moor-mool-moll-mall,3 : dorr-dorm-worm,4 : doer-dore-wore-ware,4 : moor-mool-moll-mell,4 : rood-food-fond-find,3 : poor-poof-woof,1 : rood,5 : boor-boar-bear-brae-bray,4 : boor-boon-born-barn,3 : doer-hoer-hero,
draw, , , , , , , , , , , , , , , , , , , , , , , , , , , , , ,1 : dram,3 : ward-fard-fare,3 : ward-fard-fare,4 : drat-frat-fiat-fist,2 : drag-frag,4 : braw-brat-boat-boot,3 : drat-frat-fart,2 : drag-frag,3 : ward-ware-wame,4 : braw-brae-bare-bate,3 : braw-brae-bear,4 : drab-drib-bird-gird,2 : drat-grat,3 : drag-grad-goad,4 : drag-frag-flag-flog,4 : ward-hard-hark-haik,2 : ward-hard,3 : braw-brad-bead,3 : ward-hard-herd,4 : ward-hard-harl-hall,4 : drat-doat-dolt-holt,5 : drew-dree-rede-ride-aide,5 : ward-sard-sord-sori-nori,4 : dram-pram-ramp-rump,4 : ward-wand-wind-kind,4 : braw-brad-bead-lead,4 : ward-ware-wire-lire,5 : craw-chaw-chow-chon-cion,4 : ward-lard-lark-lack,4 : ward-lard-lord-lore,4 : ward-lard-lark-lurk,4 : braw-blaw-bawl-bail,3 : braw-brat-beat,4 : ward-wark-mark-mirk,4 : drat-doat-moat-moot,4 : braw-brat-beat-neat,4 : drat-doat-dost-dose,4 : ward-word-wore-gore,2 : ward-pard,3 : drat-prat-peat,5 : braw-blaw-bawl-pawl-pall,4 : ward-ware-wire-wipe,5 : braw-blaw-slaw-slag-slug,4 : drab-bard-band-bond,5 : drab-bard-band-bond-pond,4 : ward-word-wood-pood,5 : drag-grad-grid-guid-quid,3 : ward-lard-lari,3 : ward-warn-wain,4 : braw-bran-gran-grin,3 : braw-brad-orad,4 : ward-card-cord-cork,4 : braw-brow-bros-eros,2 : ward-sard,4 : braw-brae-bear-sear,4 : craw-chaw-chap-chip,4 : craw-chaw-shaw-show,4 : braw-blaw-slaw-snaw,4 : ward-sard-sark-sack,4 : ward-sard-sand-sang,3 : ward-wars-tars,4 : drab-darb-dark-dank,4 : dram-tram-team-tame,2 : drew-dree,4 : braw-brae-bare-base,3 : ward-ware-wale,1 : ward,2 : ward-ware,4 : ward-word-wold-weld,2 : ward-wand,3 : ward-word-wold,2 : ward-word,1 : dray,2 : dray-yard,4 : ward-hard-herd-hero,
drum, , , , , , , , , , , , , , , , , , , , , , , , , , , , , , ,5 : arum-mura-mure-mare-fare,4 : arum-mura-mure-mire,5 : dram-drat-frat-fiat-fist,3 : dram-drag-frag,4 : doum-doom-boom-boot,3 : doum-dorm-form,2 : drug-frug,4 : dram-pram-ramp-gamp,4 : dram-tram-team-mate,4 : grum-gaum-gaur-guar,4 : grum-grim-grid-gird,3 : grum-gram-grat,4 : grum-gram-grad-goad,4 : drug-frug-frog-flog,5 : arum-alum-maul-haul-hail,4 : dram-drab-bard-hard,4 : dram-drab-brad-bead,4 : grum-geum-germ-herm,5 : arum-alum-maul-haul-hall,5 : arum-mura-mora-mola-moly,6 : grum-glum-glim-glia-ilia-ilea,4 : doum-dorm-norm-nori,4 : arum-alum-plum-lump,4 : grum-grim-grin-ring,5 : doum-doom-loom-loam-loaf,5 : arum-alum-plum-lump-limp,4 : doum-doom-loom-loon,4 : doum-doom-loom-look,4 : doum-dorm-dore-lore,4 : arum-mura-murk-lurk,3 : arum-alum-maul,3 : dram-tram-team,4 : arum-mura-murk-mirk,3 : doum-doom-mood,5 : dram-pram-prat-peat-neat,4 : doum-dorm-dore-dose,4 : doum-dorm-dore-gore,4 : arum-mura-murk-mark,4 : dram-pram-prat-peat,5 : arum-alum-maul-mall-pall,5 : doum-dorm-dore-pore-pope,3 : arum-alum-plum,4 : doum-doom-mood-pood,5 : doum-doom-mood-pood-pond,4 : doum-doom-loom-loop,5 : grum-grim-grid-guid-quid,4 : arum-alum-maul-mail,4 : grum-gaum-gaun-gain,3 : grum-grim-grin,4 : arum-mura-mora-roam,4 : doum-doom-room-rook,4 : doum-dorm-dore-sore,4 : dram-drab-bard-sard,4 : dram-tram-team-seam,5 : arum-alum-slum-slim-shim,5 : arum-alum-slum-slue-sloe,5 : grum-glum-glom-glow-slow,4 : doum-dorm-dork-dock,5 : grum-gram-gran-rang-sang,4 : doum-dour-sour-soar,5 : grum-gram-gran-rang-tang,4 : dram-tram-team-tame,3 : grum-grue-true,5 : arum-mura-sura-sera-rase,4 : arum-alum-maul-waul,3 : doum-dorm-worm,4 : dram-draw-ward-ware,5 : arum-alum-maul-waul-wall,4 : dram-draw-ward-wand,5 : grum-glum-glom-glow-flow,3 : doum-doom-mood,2 : dram-dray,3 : dram-dray-yard,5 : arum-mura-murk-merk-zerk,
face, , , , , , , , , , , , , , , , , , , , , , , , , , , , , , , ,1 : fice,3 : fact-fast-fist,3 : fare-frae-frag,3 : fare-fore-fort,2 : fare-fore,3 : fare-fore-froe,1 : fame,1 : fate,2 : race-rage,4 : dace-dice-dire-dirl,3 : tace-taco-coat,4 : mace-male-mole-mold,4 : race-rale-role-rolf,4 : lace-lack-hack-haik,3 : lace-lane-land,2 : fade-hade,3 : fare-hare-here,3 : fice-file-fill,4 : dace-dale-hale-hole,4 : dace-dice-dime-idem,5 : tace-tare-tore-tori-nori,4 : dace-dame-damp-dump,3 : fice-fine-kine,2 : fade-deaf,2 : lace-lice,4 : lace-lice-lime-limn,2 : lace-lack,2 : lace-lave,2 : lace-luce,3 : mace-male-mall,2 : mace-mate,3 : mace-mice-mile,4 : mace-mane-mano-mono,3 : fate-feat-neat,3 : lace-lase-lose,3 : fare-fore-gore,2 : pace-pare,3 : lace-lake-leak,3 : pace-pice-pile,2 : pace-pice,5 : lace-luce-luge-lugs-slug,3 : pace-pane-pone,3 : pace-pane-pone,4 : pace-pale-pole-poll,5 : dace-duce-duct-duit-quit,3 : fare-farl-fail,4 : pace-pack-paik-pain,3 : fane-fang-rang,3 : dace-dare-read,2 : race-rack,2 : race-rase,2 : fane-sane,2 : lace-lase,4 : pace-pase-pash-pish,4 : lace-lase-lose-hose,4 : fane-wane-wans-wons,3 : lace-lack-sack,3 : fane-sane-sone,3 : race-rase-sear,2 : tace-tack,2 : tace-tame,3 : race-rate-rete,2 : lace-lase,3 : dace-dale-wale,2 : fare-ware,1 : fave,4 : dace-dale-wale-wall,3 : fice-fine-wine,4 : race-rale-role-rolf,4 : fare-ware-wore-word,3 : fare-frae-fray,2 : fare-yare,4 : race-care-cere-cero,
fire, , , , , , , , , , , , , , , , , , , , , , , , , , , , , , , , ,3 : wire-wise-wish,3 : fare-frae-frag,2 : fore-fort,1 : fore,2 : fore-froe,2 : fare-fame,2 : fare-fate,2 : fare-fear,2 : dire-dirl,4 : mire-more-mort-moat,3 : fore-ford-fold,4 : lire-lore-role-rolf,2 : hire-heir,3 : hire-hare-hard,3 : dire-dare-read,2 : hire-here,2 : file-fill,4 : cire-core-cole-hole,3 : dire-dime-idem,4 : sire-sore-sori-nori,4 : lire-lime-limp-jimp,2 : fine-kine,3 : fare-fade-deaf,1 : lire,3 : lire-lime-limn,3 : lire-lice-lick,2 : lire-lore,3 : lire-lure-luce,3 : lire-lime-lima,3 : mire-mare-mate,2 : mire-mile,3 : mire-more-morn,4 : sire-sere-sene-sent,3 : dire-dore-dose,2 : fore-gore,2 : fare-pare,3 : fare-pare-pear,2 : file-pile,2 : sire-sipe,5 : lire-lure-luge-lugs-slug,3 : fore-pore-pone,3 : fore-pore-pone,4 : fore-pore-pole-poll,4 : reif-rein-ruin-quin,2 : lire-lira,2 : firn-airn,2 : firn-girn,3 : dire-dare-read,3 : cire-core-cork,2 : sire-sore,3 : sire-sine-sane,3 : fare-fear-sear,4 : sire-sine-sinh-shin,4 : dire-dore-dose-hose,4 : sire-sore-sorn-sown,3 : sire-sice-sick,3 : sire-sore-sone,3 : tire-tare-tars,4 : dire-dare-dark-dank,1 : tire,2 : fere-free,3 : cire-care-case,3 : wire-ware-wale,2 : wire-ware,2 : wire-ware,3 : wire-wile-will,2 : wire-wine,4 : lire-lore-role-rolf,3 : wire-wore-word,3 : fare-frae-fray,2 : fare-yare,3 : cire-cere-cero,
fish, , , , , , , , , , , , , , , , , , , , , , , , , , , , , , , , , ,3 : fist-fiat-flat,4 : fash-fast-fart-fort,3 : fash-fast-fart,4 : fist-fiat-frat-frag,4 : fash-cash-case-came,4 : pish-pash-path-pate,4 : fash-rash-rase-rage,3 : fist-gist-girt,4 : fist-cist-cost-coat,4 : fist-gist-gilt-gild,5 : pish-posh-pooh-poof-goof,4 : fist-fiat-fiar-fair,4 : pish-hips-hins-hind,4 : fist-hist-hest-heat,4 : fash-rash-resh-hers,3 : fist-hist-hilt,4 : pish-posh-posy-poly,4 : dish-diss-dies-ides,5 : dish-disk-dink-oink-ikon,4 : wish-wisp-wimp-jimp,4 : dish-disk-dink-gink,4 : fash-lash-lase-leas,4 : dish-diss-dims-dime,4 : fist-list-lint-linn,4 : dish-disk-dick-lick,4 : pish-posh-pose-lose,4 : dish-disk-dusk-duck,5 : dish-disk-skid-said-maid,3 : fist-fiat-feat,3 : fist-mist-milt,4 : pish-posh-pooh-poon,3 : wish-wist-west,3 : pish-posh-nosh,5 : pish-posh-pose-pore-gore,4 : dish-disk-dirk-dark,4 : pish-pash-pase-peas,4 : pish-pith-pity-pily,3 : pish-piss-pips,5 : pish-push-puss-puls-plus,4 : pish-posh-pooh-pood,3 : pish-posh-posy,3 : pish-posh-pooh,5 : pish-ship-shit-suit-quit,4 : fist-fiat-fiar-liar,4 : pish-ship-shin-sain,4 : dish-disk-risk-rink,5 : pish-posh-pooh-pood-rood,4 : dish-disk-risk-rick,3 : pish-posh-pose,4 : dish-disk-skid-said,3 : fash-lash-lase,1 : pish,3 : pish-posh-shop,4 : pish-posh-shop-show,4 : dish-disk-dick-sick,5 : dish-disk-dink-sink-sing,4 : wish-wash-wast-staw,4 : dish-disk-dink-dank,4 : dish-diss-dims-dime,5 : wish-with-wite-rite-rete,3 : pish-pash-pase,4 : wish-wise-wile-wale,4 : wish-wash-wasp-warp,3 : wish-wise-wive,4 : wish-wise-wile-will,3 : wish-wise-wine,5 : pish-posh-pooh-poof-woof,4 : pish-posh-pooh-pood,4 : fist-fiat-frat-fray,5 : dish-disk-dirk-dark-darn,5 : fash-rash-resh-hers-hero,
flag, , , , , , , , , , , , , , , , , , , , , , , , , , , , , , , , , , ,4 : clag-clog-clot-coot,3 : frag-frat-fart,1 : frag,3 : slag-gals-gams,3 : slag-stag-gats,3 : frag-frae-fear,4 : slag-gals-gall-gill,3 : frag-frat-grat,2 : flog-golf,1 : flog,4 : flat-fiat-fiar-fair,4 : slag-snag-sang-hang,3 : flat-feat-heat,5 : frag-frae-free-fere-here,4 : slag-gals-gall-hall,4 : clag-clog-cloy-coly,4 : flaw-flew-flea-ilea,5 : clag-clog-clon-cion-icon,5 : slag-slug-plug-plum-lump,4 : slag-snag-sang-sing,3 : flan-elan-lean,4 : slag-slam-lams-lame,4 : clag-clog-clon-cion,4 : clag-clay-lacy-lack,4 : slag-slog-sloe-lose,4 : clag-clay-lacy-lack,4 : slag-gals-gall-mall,2 : flat-feat,4 : slag-slam-slim-mils,4 : clag-clog-clon-coon,3 : flat-feat-neat,4 : slag-slog-sloe-lose,5 : slag-slog-logs-loge-ogle,4 : slag-slap-pals-pars,3 : flan-plan-pean,4 : slag-slap-pals-pall,5 : slag-slap-slip-lips-pips,2 : slag-slug,5 : clag-clog-clod-plod-pood,4 : flay-play-ploy-poly,4 : flog-flop-plop-poop,5 : slag-slat-slit-suit-quit,4 : slag-lags-lars-lari,4 : flan-plan-pian-pain,4 : slag-snag-sang-rang,3 : flam-foam-roam,5 : clag-clay-lacy-racy-rack,4 : slag-slog-sloe-lose,3 : slag-snag-sang,3 : slag-slam-seam,3 : slag-slap-slip,3 : slag-shag-shog,3 : slag-snag-snog,4 : slag-slap-soap-soak,3 : slag-snag-snog,2 : slag-stag,4 : slag-skag-skat-task,4 : flat-feat-meat-tame,3 : frag-frae-free,4 : slag-stag-gast-vast,3 : slag-gals-gall,4 : slag-swag-wags-wars,4 : slag-swag-wags-wage,4 : slag-gals-gall-wall,5 : slag-snag-snaw-wans-wins,2 : flog-flow,4 : flog-flow-wolf-woof,2 : frag-fray,4 : frag-brag-bran-barn,6 : frag-frog-froe-fore-core-cero,
foot, , , , , , , , , , , , , , , , , , , , , , , , , , , , , , , , , , , ,1 : fort,3 : fort-fore-froe,4 : moot-moat-meat-tame,4 : boot-boat-beat-bate,4 : boot-boat-beat-bear,4 : root-riot-tiro-giro,2 : boot-boat,2 : food-good,3 : coot-coof-goof,4 : fool-foil-fail-hail,4 : hoot-holt-halt-hant,4 : boot-boat-beat-heat,4 : hoot-holt-hole-helo,3 : hoot-holt-hilt,2 : hoot-holt,5 : fool-foal-feal-flea-ilea,4 : coot-coon-cion-icon,5 : coot-coop-poop-pomp-pump,4 : font-fond-find-kind,3 : loot-loof-loaf,4 : loot-loft-lift-life,2 : loot-loon,2 : loot-look,3 : loot-lost-lose,3 : loot-look-lock,3 : moot-mool-moil,2 : moot-moat,3 : moot-molt-milt,1 : moot,3 : hoot-host-hest,3 : hoot-host-hose,3 : fort-fore-gore,3 : fort-port-part,4 : boot-boat-beat-peat,3 : fool-pool-poll,4 : fort-port-pore-pope,4 : soot-slot-slut-slug,2 : font-fond,3 : font-fond-pond,1 : fool,5 : soot-shot-shit-suit-quit,3 : fool-foil-roil,4 : coot-coon-coin-cain,4 : font-fond-find-rind,2 : root-rood,2 : root-rook,3 : hoot-host-hose,4 : soot-sort-sord-sard,3 : fool-foal-feal,3 : soot-shot-shit,2 : soot-shot,2 : soot-snot,2 : soot-sook,3 : soot-snot-snog,4 : boot-boat-boar-soar,4 : boot-book-bonk-bank,4 : moot-moat-meat-tame,3 : toot-trot-tret,4 : coot-cost-cast-vast,4 : boot-bolt-boll-ball,3 : fort-wort-wart,4 : font-wont-want-wane,4 : boot-bolt-belt-welt,3 : font-fond-find,2 : fool-fowl,1 : food,4 : boot-boat-brat-bray,4 : boot-bort-born-barn,4 : fort-fore-core-cero,
fort, , , , , , , , , , , , , , , , , , , , , , , , , , , , , , , , , , , , ,2 : fore-froe,3 : fart-fare-fame,3 : fart-fare-fate,3 : fart-fare-fear,4 : port-porn-pirn-girn,2 : bort-boat,2 : ford-fold,3 : ford-fold-gold,4 : port-part-parr-pair,3 : fart-hart-hant,4 : bort-boat-beat-heat,3 : fore-core-cero,4 : bort-bolt-holt-hilt,3 : bort-bolt-holt,5 : bort-bore-bode-bide-aide,3 : sort-sori-nori,5 : bort-bora-bura-burp-bump,4 : font-fond-find-kind,4 : fart-fare-fade-deaf,3 : fore-lore-lire,3 : foot-loot-loon,3 : port-pork-pock,2 : fore-lore,4 : port-pork-pock-lock,3 : mort-mart-marl,2 : mort-moat,3 : mort-molt-milt,2 : mort-moot,3 : port-pert-pest,3 : port-post-pose,2 : fore-gore,2 : port-part,3 : port-pert-peat,4 : bort-bolt-boll-poll,3 : port-pore-pope,5 : bort-bout-gout-glut-glug,2 : font-fond,3 : port-post-posy,2 : foot-fool,5 : tort-toit-doit-duit-quit,3 : fart-farl-fail,4 : port-porn-pirn-airn,4 : port-porn-pirn-girn,3 : mort-mora-roam,2 : fork-cork,2 : sort-sore,3 : sort-sord-sard,4 : bort-boat-beat-seat,4 : port-post-posh-pish,3 : sort-soot-shot,3 : sort-soot-snot,3 : port-pork-pock,3 : sort-sore-sone,3 : sort-sora-soar,4 : sort-tors-tars-tans,3 : tort-tore-tire,3 : tort-trot-tret,3 : fart-fast-vast,3 : fart-farl-fall,2 : wort-wart,3 : wort-wart-ware,3 : wort-wert-welt,3 : font-fond-find,3 : wort-word-wold,2 : wort-word,3 : fart-frat-fray,3 : bort-born-barn,3 : fore-core-cero,
frog, , , , , , , , , , , , , , , , , , , , , , , , , , , , , , , , , , , , , ,4 : frag-brag-garb-gamb,4 : frag-frae-fare-fate,3 : frag-frae-fear,3 : frig-trig-girt,3 : grog-grot-grat,2 : flog-golf,1 : flog,5 : frag-frae-fear-hear-haar,5 : frag-brag-brad-bard-hard,4 : frag-brag-brad-bead,4 : froe-free-fere-here,5 : flog-golf-rolf-roll-rill,4 : flog-clog-cloy-coly,5 : flog-floe-aloe-olea-ilea,4 : from-form-norm-nori,4 : prog-prom-romp-rump,4 : grog-grig-grin-ring,4 : flog-floe-flee-flea,4 : froe-fore-lore-lire,4 : flog-clog-clon-cion,5 : prog-prod-dorp-dork-dock,3 : froe-fore-lore,5 : flog-floe-flue-clue-luce,5 : grog-grig-grin-gain-main,3 : frag-frat-feat,5 : flog-golf-gold-mold-mild,4 : prog-prod-pood-mood,4 : frag-frat-feat-neat,4 : prog-pros-eros-rose,3 : prog-gorp-gore,4 : frag-frae-fare-pare,4 : frag-frae-fear-pear,5 : prog-prod-pood-pool-poll,4 : froe-fore-pore-pope,3 : flog-slog-slug,3 : prog-prod-pood,4 : prog-prod-pood-pond,3 : prog-prod-pood,5 : grog-grig-grid-guid-quid,5 : grog-grig-grid-arid-aril,4 : grog-grig-grin-gain,3 : grog-grig-grin,4 : prog-prod-pood-rood,4 : froe-fore-core-cork,3 : prog-pros-eros,5 : flog-slog-snog-snag-sang,4 : frag-frae-fear-sear,4 : flog-slog-shog-shop,3 : flog-slog-shog,3 : flog-slog-snog,5 : prog-prod-dorp-dork-dock,3 : flog-slog-snog,4 : flog-slog-slag-stag,5 : grog-grot-grat-gnat-tang,4 : froe-fore-tore-tire,2 : froe-free,5 : prog-pros-eros-eras-rase,5 : flog-slog-slag-gals-gall,3 : from-form-worm,4 : frag-frae-fare-ware,5 : flog-floe-flee-feel-weel,5 : grog-grig-grin-ring-wing,2 : flog-flow,3 : prog-prod-pood,2 : frag-fray,4 : frag-brag-bran-barn,4 : froe-fore-core-cero,
game, , , , , , , , , , , , , , , , , , , , , , , , , , , , , , , , , , , , , , ,1 : gate,2 : gage-rage,3 : gale-gall-gill,3 : tame-meat-moat,4 : came-come-cole-cold,4 : gale-rale-role-rolf,4 : hame-hale-hall-hail,3 : hame-hade-haed,2 : dame-mead,3 : hame-heme-here,3 : hame-hale-hall,3 : hame-home-hole,3 : dame-dime-idem,5 : came-come-cone-coni-icon,3 : dame-damp-dump,3 : kame-kane-kine,3 : dame-dale-lead,1 : lame,3 : lame-lime-limn,3 : lame-lace-lack,2 : lame-lave,3 : lame-lace-luce,3 : lame-lime-lima,1 : tame,3 : lame-lime-mile,3 : name-mean-moan,3 : tame-meat-neat,2 : name-nome,3 : gane-gone-gore,3 : came-care-pare,2 : gape-peag,3 : gale-pale-pile,3 : gale-pale-pile,4 : lame-lamp-lump-plum,3 : gane-pane-pone,3 : gane-pane-pone,4 : gale-pale-pole-poll,6 : came-cade-cadi-caid-qaid-quid,4 : fame-fare-farl-fail,3 : gane-gaen-gain,3 : gane-gang-rang,3 : dame-dare-read,4 : came-come-core-cork,3 : came-case-rase,2 : same-sane,2 : lame-lase,4 : hame-hams-haps-hips,3 : hame-home-hose,4 : name-nome-noms-nows,4 : came-case-cask-sack,3 : same-some-sone,3 : same-seam-sear,3 : lame-lane-lank,1 : tame,3 : gate-rate-rete,2 : came-case,2 : wame-wale,2 : wame-ware,1 : wame,3 : lame-meal-weal,3 : wame-wane-wine,4 : gale-rale-role-rolf,4 : wame-ware-wore-word,4 : fame-fare-frae-fray,3 : came-care-yare,4 : came-come-core-cero,
gate, , , , , , , , , , , , , , , , , , , , , , , , , , , , , , , , , , , , , , , ,2 : rate-rage,3 : gale-gall-gill,3 : bate-beat-boat,4 : bate-bale-bole-bold,4 : rate-rote-role-rolf,4 : hate-hale-hall-hail,3 : bate-bane-band,2 : hate-hade,3 : hate-hare-here,3 : hate-hale-hall,3 : hate-hale-hole,4 : bate-bite-bide-aide,5 : cate-cote-cone-coni-icon,4 : date-dame-damp-dump,3 : gane-kane-kine,3 : date-dale-lead,2 : late-lite,4 : late-lite-lime-limn,3 : late-lace-lack,2 : late-lave,3 : late-lute-luce,3 : late-lati-tail,1 : mate,3 : mate-mite-mile,4 : mate-mote-more-morn,3 : bate-beat-neat,3 : cate-cote-note,3 : gane-gone-gore,2 : pate-pare,2 : pate-peat,3 : pate-pale-pile,3 : pate-pace-pice,4 : gale-gall-gull-gulp,3 : pate-pane-pone,3 : pate-pane-pone,4 : pate-pale-pole-poll,6 : cate-cade-cadi-caid-qaid-quid,3 : late-lati-lari,3 : gane-gaen-gain,3 : gane-gang-rang,3 : date-dare-read,3 : rate-race-rack,2 : rate-rote,2 : sate-sane,2 : late-lase,4 : hate-hats-hits-hips,4 : date-dote-dose-hose,4 : gane-wane-wans-wons,4 : cate-case-cask-sack,3 : sate-sane-sone,2 : rate-rats,3 : bate-bane-bank,2 : mate-mite,2 : rate-rete,2 : bate-base,2 : gale-wale,3 : bate-bare-ware,1 : gave,3 : late-tela-tell,3 : gane-wane-wine,4 : rate-rote-role-rolf,4 : date-dato-toad-woad,4 : bate-bare-brae-bray,3 : bate-bare-yare,4 : cate-cete-cere-cero,
gear, , , , , , , , , , , , , , , , , , , , , , , , , , , , , , , , , , , , , , , , ,4 : dear-deal-dial-dirl,2 : gnar-gnat,4 : dear-read-road-goad,4 : lear-rale-role-rolf,2 : hear-haar,3 : hear-head-haed,1 : hear,3 : hear-hoar-hoer,3 : hear-heal-hell,4 : hear-head-held-hold,4 : fear-feal-flea-ilea,5 : sear-soar-sora-sori-nori,4 : hear-heap-hemp-hump,3 : gnar-rang-ring,1 : lear,4 : dear-deal-meal-lame,4 : lear-liar-lier-lien,4 : bear-beak-beck-bock,3 : rage-rave-lave,4 : bear-beak-beck-buck,3 : lear-liar-rail,2 : bear-beat,4 : lear-rale-male-mile,4 : bear-boar-boor-moor,2 : near-neat,3 : sear-rase-rose,3 : ager-agee-ogee,2 : pear-pare,1 : pear,3 : pear-peal-pial,3 : pear-rape-ripe,5 : lear-leas-legs-lugs-slug,4 : bear-bead-bend-pend,4 : near-neap-pane-pone,4 : bear-boar-boor-poor,5 : dear-dead-duad-quad-quid,2 : lear-liar,3 : lear-liar-rail,2 : gnar-rang,2 : dear-read,3 : rage-race-rack,2 : sear-rase,3 : gnar-rang-sang,1 : sear,4 : sear-seam-sham-shim,4 : hear-hoar-hoer-hoes,3 : gnar-gnaw-snaw,3 : sear-soar-soak,3 : gnar-rang-sang,1 : sear,3 : gnar-knar-rank,3 : tear-team-tame,3 : bear-beer-bree,2 : sear-rase,3 : lear-rale-wale,2 : wear-ware,2 : wear-ware,2 : wear-weal,4 : bear-bead-bend-wend,4 : fear-feal-foal-fowl,4 : dear-read-road-woad,3 : bear-brae-bray,2 : near-earn,3 : year-aery-aero,
girl, , , , , , , , , , , , , , , , , , , , , , , , , , , , , , , , , , , , , , , , , ,3 : girt-grit-grat,2 : gill-gild,3 : gill-gull-gulf,4 : dirl-dial-rial-lair,4 : birl-bird-bard-hard,4 : dirl-dial-deal-heal,4 : birl-burl-hurl-herl,1 : gill,4 : gill-hill-hilt-holt,4 : dirl-diel-dies-ides,4 : tirl-tiro-tori-nori,4 : birl-burl-burp-bump,2 : girn-ring,4 : dirl-dial-deal-feal,3 : dirl-dire-lire,3 : girn-pirn-pion,4 : dirl-dirk-dork-dock,4 : dirl-dire-lire-lore,4 : dirl-dirk-dick-lick,3 : virl-vial-vail,4 : dirl-dial-deal-meal,2 : gill-mill,4 : gill-mill-moll-mool,3 : girt-gist-gest,4 : dirl-dire-dore-dose,4 : dirl-dire-dore-gore,3 : birl-birk-bark,4 : dirl-dial-pial-peal,1 : gill,3 : gill-pill-pile,3 : gill-gull-gulp,4 : birl-bird-bind-bond,4 : gill-pill-poll-poly,3 : gill-pill-poll,4 : gird-grid-guid-quid,3 : dirl-dial-rial,2 : girn-airn,1 : girn,4 : dirl-dire-dare-read,4 : dirl-dirk-dork-cork,4 : dirl-dire-sire-sore,4 : birl-bird-bard-sard,3 : dirl-dial-sial,4 : girt-gist-hist-shit,5 : dirl-diel-dies-hies-hoes,5 : girn-pirn-porn-sorn-sown,4 : dirl-dirk-dork-dock,3 : girn-ring-sing,4 : tirl-tire-tare-tars,4 : birl-birk-bark-bank,2 : tirl-tire,4 : dirl-dire-dere-dree,4 : virl-vial-veal-vale,2 : gill-will,4 : birl-bird-bard-ward,4 : dirl-dire-wire-ware,2 : gill-will,3 : birl-bird-bind,4 : gill-rill-roll-rolf,4 : gill-will-wild-wold,4 : gird-yird-yard-dray,3 : gird-yird-yard,5 : birl-burl-hurl-herl-hero,
goat, , , , , , , , , , , , , , , , , , , , , , , , , , , , , , , , , , , , , , , , , , ,1 : goad,2 : goad-gold,4 : boat-boar-hoar-haar,3 : gnat-tang-hang,3 : boat-beat-heat,4 : boat-boar-hoar-hoer,4 : boat-bolt-holt-hilt,3 : boat-bolt-holt,5 : doat-dost-dose-odes-ides,4 : toga-tora-tori-nori,5 : moat-meat-tame-tamp-tump,3 : gnat-tang-ting,3 : goad-load-lead,4 : moat-meat-meal-lame,4 : boat-boot-loot-loon,3 : coat-coal-loca,4 : boat-bolt-volt-vole,4 : coat-coal-loca-lock,4 : coat-coal-coil-moil,1 : moat,3 : moat-molt-milt,2 : moat-moot,3 : boat-beat-neat,3 : doat-dost-dose,3 : goas-goes-goer,3 : grat-prat-part,3 : boat-beat-peat,4 : boat-bolt-boll-poll,5 : boat-bolt-bole-pole-pile,3 : gout-glut-glug,3 : goad-good-pood,4 : coat-colt-coly-poly,3 : coat-coot-cool,4 : doat-doit-duit-quit,4 : coat-coal-coil-roil,4 : gnat-gnar-rang-rani,3 : gnat-gnar-rang,1 : goad,4 : boat-boot-root-rook,3 : doat-dost-dose,3 : gnat-tang-sang,3 : boat-beat-seat,3 : ghat-shat-shit,3 : ghat-shat-shot,3 : gnat-gnaw-snaw,3 : goas-koas-soak,3 : gnat-tang-sang,3 : boat-boar-soar,2 : gnat-tang,3 : moat-meat-tame,4 : boat-brat-brae-bree,4 : boat-beat-bate-base,3 : goal-gaol-gall,4 : boat-bort-wort-wart,4 : moat-meat-tame-wame,4 : boat-beat-belt-welt,4 : gnat-tang-ting-wing,3 : goad-woad-wold,2 : goad-woad,2 : grat-gray,4 : boat-brat-bran-barn,5 : boat-bort-bore-core-cero,
gold, , , , , , , , , , , , , , , , , , , , , , , , , , , , , , , , , , , , , , , , , , , ,1 : golf,5 : bold-bald-ball-hall-hail,3 : bold-bald-band,2 : hold-held,3 : hold-held-herd,2 : gild-gill,1 : hold,5 : bold-bole-bile-bide-aide,4 : sold-sord-sori-nori,5 : hold-held-help-hemp-hump,4 : bold-bond-bind-kind,3 : goad-load-lead,3 : mold-mild-mile,3 : good-goon-loon,3 : cold-cola-loca,3 : bold-bole-vole,4 : cold-cola-loca-lock,3 : mold-moll-mall,3 : mold-meld-mead,2 : mold-mild,2 : mold-mood,3 : geld-gelt-gest,3 : hold-hole-hose,4 : bold-bole-bore-gore,4 : bold-bald-bard-pard,4 : geld-geed-peed-peek,2 : gild-gill,4 : bold-bole-pole-pile,3 : golf-gulf-gulp,2 : bold-bond,3 : bold-bond-pond,2 : good-pood,5 : told-dolt-doit-duit-quit,4 : bold-bald-ball-bail,4 : gild-gird-girn-airn,3 : gild-gird-girn,1 : goad,3 : cold-cord-cork,3 : bold-bole-role,3 : bold-bald-band,3 : sold-sole-sale,4 : hold-hols-hops-hips,3 : hold-hoed-hoes,3 : gowd-gown-sown,3 : hold-holk-hock,3 : bold-bond-bong,4 : sold-sord-sora-soar,4 : bold-bald-band-bank,3 : told-tole-tile,4 : geld-geed-reed-dree,4 : bold-bald-bale-vale,3 : bold-bald-ball,3 : wold-word-ward,4 : bold-bald-bale-wale,2 : wold-weld,2 : wold-wild,1 : wold,1 : wold,3 : goad-grad-gray,4 : bold-bald-yald-yard,4 : cold-cord-core-cero,
golf, , , , , , , , , , , , , , , , , , , , , , , , , , , , , , , , , , , , , , , , , , , , ,5 : rolf-roll-rill-rial-lair,4 : gold-bold-bald-band,3 : gold-hold-held,4 : rolf-role-hole-helo,3 : rolf-roll-rill,2 : gold-hold,5 : rolf-role-rile-ride-aide,5 : rolf-roll-roil-noil-noir,4 : gulf-gulp-pulp-pump,5 : wolf-wold-wild-wind-kind,3 : goof-loof-loaf,4 : rolf-role-mole-mile,3 : goof-loof-loon,3 : goof-loof-look,3 : rolf-role-vole,4 : goof-loof-look-lock,4 : rolf-roll-moll-mall,4 : gold-mold-meld-mead,3 : gold-mold-mild,2 : goof-goon,4 : gold-geld-gelt-gest,3 : rolf-role-rose,4 : rolf-role-orle-ogle,5 : rolf-role-pole-pale-pare,5 : rolf-role-pole-pale-peal,3 : rolf-roll-poll,4 : rolf-role-pole-pile,2 : gulf-gulp,3 : goof-poof-pood,4 : rolf-role-pole-pone,2 : goof-poof,6 : gold-told-dolt-doit-duit-quit,3 : rolf-roll-roil,4 : rolf-roll-roil-rail,4 : gold-gild-gird-girn,2 : gold-goad,3 : rolf-roof-rook,2 : rolf-role,4 : gold-bold-bald-band,4 : rolf-role-sole-sale,4 : flog-slog-shog-shop,3 : flog-slog-shog,3 : wolf-flow-slow,3 : goof-gook-sook,3 : flog-slog-snog,4 : flog-slog-slag-stag,5 : rolf-role-tole-tale-talk,4 : rolf-role-tole-tile,4 : rolf-role-rote-rete,4 : rolf-role-vole-vale,3 : gulf-gull-gall,4 : wolf-wold-word-ward,4 : rolf-role-rale-wale,3 : wolf-wold-weld,3 : wolf-wold-wild,1 : wolf,2 : wolf-woof,4 : gold-goad-grad-gray,5 : rolf-role-rale-rare-yare,5 : rolf-role-cole-core-cero,
hair, , , , , , , , , , , , , , , , , , , , , , , , , , , , , , , , , , , , , , , , , , , , , ,2 : haik-hank,2 : heir-hear,3 : heir-heil-herl,2 : hail-hall,4 : haik-hack-hock-holk,4 : heir-hire-hide-aide,4 : hail-nail-noil-noir,4 : mair-rami-ramp-rump,4 : fair-fain-kain-kina,3 : lair-liar-lear,3 : lair-lira-lima,3 : lair-lain-loin,3 : haik-hack-lack,4 : lair-lira-lire-lore,3 : haik-hack-lack,1 : mair,3 : heir-hear-heat,4 : lair-rial-rill-mill,4 : lair-lain-loin-loon,4 : wair-wait-wast-west,5 : lair-lira-lire-lore-lose,4 : haar-hoar-hoer-goer,2 : pair-parr,3 : heir-hear-pear,3 : lair-rial-pial,4 : pair-paik-pika-pike,5 : mair-mail-maul-alum-plum,5 : lair-laid-land-band-bond,4 : pair-pain-pyin-piny,4 : fair-fail-foil-fool,4 : lair-laid-qaid-quid,1 : lair,2 : fair-fain,4 : fair-fain-gain-grin,3 : haar-hoar-roar,3 : haik-hack-rack,4 : heir-hear-sear-rase,3 : lair-laid-said,3 : lair-rial-sial,3 : wair-whir-whip,4 : haar-hoar-hoer-hoes,5 : fair-fain-sain-sawn-sown,3 : haik-hack-sack,4 : haik-hank-sank-sang,3 : heir-hear-sear,2 : haik-hank,3 : heir-hire-tire,5 : fair-fiar-fear-frae-free,4 : pair-parr-pare-pase,2 : wair-wail,3 : wair-wain-warn,4 : pair-parr-pare-ware,3 : wair-wail-wall,4 : lair-laid-land-wand,4 : fair-fail-foil-fowl,5 : fair-fail-foil-fool-wool,5 : fair-fiar-fear-frae-fray,3 : wair-wain-warn,4 : heir-heil-herl-hero,
hand, , , , , , , , , , , , , , , , , , , , , , , , , , , , , , , , , , , , , , , , , , , , , , ,1 : haed,2 : hard-herd,3 : hind-hint-hilt,3 : haed-hoed-hold,4 : sand-said-aids-aide,4 : hind-kind-kino-ikon,5 : band-bund-burd-burp-bump,2 : hind-kind,3 : land-lend-lead,3 : land-lane-line,4 : land-lend-leno-lino,3 : land-lank-lack,3 : land-lane-lone,3 : land-lank-lunk,3 : land-laid-maid,3 : haed-haet-heat,3 : hind-mind-mild,4 : wand-dawn-mawn-mown,3 : sand-send-sent,3 : sand-sane-sone,4 : haed-hoed-hoer-goer,2 : hard-pard,4 : band-bend-bead-beak,4 : band-bald-ball-pall,4 : band-bind-bine-pine,5 : sand-sang-sung-snug-slug,2 : band-bond,3 : band-bond-pond,4 : band-bond-pond-pood,4 : land-laid-qaid-quid,2 : rand-raid,2 : rand-raid,2 : rand-rind,3 : rand-rend-read,3 : rand-rank-rack,4 : band-bane-base-rase,1 : sand,3 : land-lane-lase,3 : hind-hins-hips,3 : haed-hoed-hoes,3 : wand-wans-wons,3 : sand-sank-sack,2 : sand-sang,4 : band-bard-bars-tars,1 : hank,4 : band-bind-bine-tine,4 : rand-rend-reed-dree,3 : band-bane-vane,3 : band-bald-ball,2 : wand-ward,2 : wand-wane,3 : wand-wend-weld,1 : wand,4 : band-bond-bold-wold,3 : wand-ward-word,3 : hard-yard-dray,2 : rand-darn,3 : hard-herd-hero,
head, , , , , , , , , , , , , , , , , , , , , , , , , , , , , , , , , , , , , , , , , , , , , , , ,1 : herd,2 : held-hell,2 : held-hold,3 : hade-hide-aide,6 : bead-bend-bind-kind-kino-ikon,3 : heap-hemp-hump,4 : bead-bend-bind-kind,1 : lead,3 : lead-lade-lame,4 : lead-load-loan-loin,4 : bead-beak-beck-bock,3 : lead-lade-lode,4 : bead-beak-beck-buck,3 : heal-heil-hail,1 : mead,3 : mead-meld-mild,3 : mead-mean-moan,2 : heat-neat,4 : bead-bade-bode-node,4 : read-dare-dore-gore,3 : read-reap-pare,2 : bead-beak,3 : held-hell-hill,4 : lead-leap-pale-pile,5 : lead-leas-legs-lugs-slug,3 : bead-bend-pend,4 : bead-bend-pend-pond,4 : read-road-rood-pood,4 : dead-duad-quad-quid,3 : lead-lear-liar,4 : lead-lear-liar-rail,3 : read-rend-rind,1 : read,4 : bead-beak-beck-reck,3 : hear-sear-rase,2 : haed-hand,1 : heal,4 : heed-hied-hies-hips,3 : heed-hoed-hoes,5 : bead-bend-wend-wens-wons,4 : bead-beak-beck-bock,4 : bead-bend-bond-bong,2 : hear-sear,3 : haed-hand-hank,3 : mead-meat-tame,3 : read-reed-dree,3 : bead-bade-base,3 : lead-dale-wale,3 : read-dare-ware,2 : hade-wade,2 : held-weld,3 : bead-bend-wend,3 : held-weld-wold,3 : lead-load-woad,3 : bead-brad-bray,3 : read-dare-yare,2 : herd-hero,
hero, , , , , , , , , , , , , , , , , , , , , , , , , , , , , , , , , , , , , , , , , , , , , , , , ,2 : helo-hell,2 : helo-hole,4 : here-hire-hide-aide,5 : cero-core-sore-sori-nori,4 : helo-help-hemp-hump,4 : hers-hens-kens-kins,3 : herd-head-lead,3 : here-hire-lire,4 : hern-horn-lorn-loin,4 : cero-core-cork-cock,3 : cero-core-lore,5 : cero-cere-cure-lure-luce,3 : herl-merl-marl,3 : herd-head-mead,4 : zero-zerk-merk-mirk,3 : hern-horn-morn,3 : hers-hens-tens,3 : helo-hole-hose,2 : hoer-goer,3 : zero-zerk-perk,3 : zero-zerk-perk,3 : helo-hell-hill,4 : cero-core-pore-pope,5 : helo-hell-hull-gull-gulp,4 : cero-core-pore-pone,4 : cero-core-pore-pone,4 : helo-hole-pole-poll,6 : herd-hard-card-caid-qaid-quid,3 : herl-harl-hail,4 : aero-aery-airy-airn,4 : herd-nerd-rend-rind,3 : herd-head-read,3 : cero-core-cork,3 : cero-core-sore,3 : herd-hard-sard,2 : herl-heal,4 : hers-hens-hins-hips,2 : hoer-hoes,4 : hern-horn-sorn-sown,4 : cero-core-cork-cock,4 : cero-core-sore-sone,3 : hoer-hoar-soar,4 : herd-hard-hand-hank,3 : here-hire-tire,3 : here-dere-dree,4 : cero-cere-care-case,3 : helo-halo-hall,2 : herm-harm,3 : here-were-ware,2 : helo-hell,4 : helo-held-weld-wild,4 : helo-held-weld-wold,3 : hoer-hoed-hood,4 : herd-hard-yard-dray,3 : aero-aery-yare,1 : zero,
hill, , , , , , , , , , , , , , , , , , , , , , , , , , , , , , , , , , , , , , , , , , , , , , , , , ,2 : hilt-holt,4 : bill-bile-bide-aide,4 : kill-kilo-kino-ikon,4 : pill-pull-pulp-pump,3 : kill-kilo-kino,3 : fill-fell-feal,2 : mill-mile,4 : bill-boll-boil-noil,4 : kill-kiln-link-lick,3 : vill-vile-vole,3 : hull-hulk-huck,2 : mill-mall,3 : mill-mell-meal,1 : mill,3 : mill-moll-mool,3 : hilt-hist-hest,4 : dill-doll-dole-dose,5 : bill-boll-bole-bore-gore,3 : hall-harl-hark,3 : pill-pial-peal,1 : pill,2 : pill-pile,3 : gill-gull-gulp,4 : bill-boll-bold-bond,3 : pill-poll-poly,2 : pill-poll,5 : dill-dial-laid-qaid-quid,2 : rill-rial,3 : rill-rial-rail,3 : gill-girl-girn,4 : gill-gild-gold-goad,4 : mill-milk-mick-rick,3 : rill-roll-role,4 : bill-ball-bald-band,2 : sill-sell,3 : hilt-hist-shit,4 : hall-hale-hole-hose,5 : bill-boll-bowl-bows-nows,3 : sill-silk-sick,4 : sill-silk-sink-sing,4 : sill-sell-seal-sear,3 : till-tall-talk,2 : till-tile,4 : rill-rile-rite-rete,3 : vill-vile-vale,1 : will,3 : hall-harl-harm,3 : will-wall-wale,1 : will,2 : will-wild,3 : rill-roll-rolf,3 : will-wild-wold,5 : pill-pall-paly-play-pray,4 : kill-kiln-kirn-karn,3 : hell-herl-hero,
holy, , , , , , , , , , , , , , , , , , , , , , , , , , , , , , , , , , , , , , , , , , , , , , , , , , ,5 : poly-paly-pale-plea-ilea,4 : coly-cony-coni-icon,4 : holp-help-hemp-hump,4 : poly-pily-piny-ping,4 : moly-mola-loam-loaf,3 : moly-mole-mile,4 : coly-cony-coni-cion,2 : holk-hock,2 : hole-vole,3 : holk-hulk-huck,3 : moly-moll-mall,3 : moly-molt-melt,3 : moly-mold-mild,3 : moly-mony-mono,3 : holt-host-hest,2 : hole-hose,4 : coly-cory-gory-gore,4 : coly-cory-cork-pork,4 : poly-paly-pale-peal,2 : poly-pily,3 : poly-pily-pipy,4 : poly-pols-puls-plus,2 : poly-pony,1 : poly,2 : poly-poll,5 : holt-dolt-doit-duit-quit,4 : moly-moll-roll-roil,5 : coly-cony-coni-coin-cain,4 : poly-pily-piny-ping,3 : hold-gold-goad,2 : holk-hock,2 : hole-role,4 : hold-bold-bald-band,3 : hole-sole-sale,3 : hols-hops-hips,2 : hole-hose,3 : hols-hons-wons,2 : holk-hock,3 : poly-pony-pong,4 : hols-hots-rots-rats,3 : holk-honk-hank,3 : homy-home-tome,4 : hole-role-rote-rete,3 : hole-vole-vale,3 : moly-moll-mall,3 : holm-halm-harm,3 : hole-hale-wale,3 : moly-moll-mell,3 : hold-wold-wild,2 : hold-wold,2 : hold-wold,4 : poly-paly-play-pray,4 : coly-cory-corn-carn,3 : hole-helo-hero,
idea, , , , , , , , , , , , , , , , , , , , , , , , , , , , , , , , , , , , , , , , , , , , , , , , , , , ,5 : aide-nide-node-nodi-nori,5 : idem-dime-lime-limp-jimp,4 : idem-dime-dine-kine,2 : ilea-flea,2 : idem-dime,4 : idem-dime-lime-limn,5 : odea-odes-does-docs-dock,4 : odea-olea-oles-lose,5 : idem-dime-lime-lice-luce,3 : ilea-ilka-kail,4 : ilea-flea-feal-meal,4 : ilea-ilka-ilks-silk,5 : aide-aids-mids-mods-moos,5 : odea-odes-opes-peso-pest,3 : odea-odes-ones,5 : odea-odes-ores-sore-gore,4 : ilea-plea-pale-pare,3 : ilea-plea-peal,4 : ilea-plea-peal-pial,3 : ides-side-sipe,6 : odea-olea-oles-sloe-slue-slug,5 : odea-odes-ones-eons-pons,5 : odea-odes-ones-eons-pons,5 : ilea-flea-feal-foal-fool,5 : aide-aids-said-qaid-quid,3 : ilea-ilka-kail,4 : ilea-ilka-kail-rail,4 : idem-dime-dine-ding,5 : ilea-flea-feal-real-read,4 : aide-ride-rice-rick,3 : odea-odes-ores,3 : aide-aids-ands,3 : ilea-flea-feal,4 : ides-dies-hies-hips,4 : odea-olea-oles-sloe,4 : odea-odes-owes-owns,4 : ides-ices-sice-sick,4 : odea-odes-ones-sone,4 : ides-ires-ares-arts,5 : ilea-plea-pale-tale-talk,2 : idem-item,4 : ilea-flea-flee-free,3 : aide-vide-vise,4 : ilea-plea-pale-wale,4 : aide-wide-wade-ware,3 : aide-wide-wade,4 : ilea-flea-feal-weal,3 : aide-wide-wine,4 : ilea-flea-flew-flow,5 : odea-odes-owes-woes-woos,5 : ilea-flea-fley-flay-fray,5 : ilea-plea-pale-pare-yare,5 : aide-hide-hire-here-hero,
iron, , , , , , , , , , , , , , , , , , , , , , , , , , , , , , , , , , , , , , , , , , , , , , , , , , , , ,6 : icon-cion-lion-limn-limp-jimp,2 : ikon-kino,5 : icon-coin-loin-loan-lean,4 : icon-cion-lion-limn,2 : icon-cion,4 : icon-coin-coil-loci,4 : icon-coni-cone-lone,4 : ikon-oink-link-lunk,3 : noir-noil-moil,5 : nori-sori-sort-mort-moat,3 : ikon-oink-mink,3 : icon-cion-coon,5 : icon-coni-cons-tons-tens,3 : nori-nodi-node,4 : nori-sori-sore-gore,4 : nori-sori-sari-sark,5 : icon-cion-pion-peon-pean,4 : ikon-kino-kilo-kill,4 : ikon-kino-kine-pine,6 : icon-cion-clon-clog-slog-slug,4 : icon-coni-yoni-yond,3 : icon-coni-cony,4 : icon-cion-pion-poon,6 : icon-coin-cain-rain-ruin-quin,3 : noir-noil-roil,3 : icon-coin-cain,3 : ikon-kino-king,5 : icon-coin-loin-loan-roan,4 : icon-coin-corn-cork,3 : nori-sori-sore,4 : ikon-oink-sink-sank,5 : noir-noil-foil-foal-feal,4 : icon-coin-chin-shin,5 : icon-cion-chon-chop-shop,4 : icon-coni-cons-wons,4 : icon-coni-conk-cock,4 : icon-coni-cone-sone,4 : nori-sori-sora-soar,4 : ikon-oink-dink-dank,4 : ikon-kino-kine-tine,5 : nori-tori-tore-tyre-tyee,5 : icon-coni-cone-cane-vane,4 : noir-noil-nail-wail,3 : nori-norm-worm,5 : icon-coni-cone-cane-wane,5 : icon-coin-coil-ceil-cell,3 : ikon-kino-wino,4 : noir-noil-foil-fowl,4 : nori-sori-sord-word,5 : nori-tori-tory-troy-tray,4 : icon-coin-cain-carn,5 : icon-coin-corn-core-cero,
jump, , , , , , , , , , , , , , , , , , , , , , , , , , , , , , , , , , , , , , , , , , , , , , , , , , , , , ,5 : bump-bums-buns-bins-kins,4 : hump-hemp-heap-leap,2 : lump-limp,3 : lump-limp-limn,5 : lump-lamp-lame-lace-lack,4 : lump-lamp-lame-lave,5 : bump-bums-buns-bunk-lunk,3 : lump-limp-lima,3 : tump-tamp-tame,4 : lump-limp-lime-mile,4 : mump-mums-moms-moos,5 : bump-bums-buns-tuns-tens,4 : pump-pomp-pome-nome,5 : pump-pomp-pome-pore-gore,4 : rump-ramp-rasp-pars,5 : hump-hemp-kemp-keep-peek,3 : pump-pulp-pull,4 : pump-pomp-pome-pope,2 : lump-plum,4 : pump-pomp-poop-pood,4 : pump-pomp-pome-pone,3 : pump-pomp-poop,6 : dump-duma-maud-maid-qaid-quid,4 : lump-limp-lima-lira,4 : rump-ramp-rami-rani,4 : rump-rums-rims-rins,5 : dump-damp-dame-dare-read,4 : rump-romp-roms-rocs,4 : pump-pomp-pome-pose,4 : sump-samp-same-sane,4 : hump-hemp-heap-heal,4 : lump-limp-lisp-slip,4 : hump-hums-hues-hoes,5 : bump-bums-buns-snub-snob,5 : mump-mums-moms-mocs-mock,4 : sump-sums-suns-sons,4 : rump-ramp-rasp-spar,4 : tump-tamp-tams-tans,3 : lump-limp-lime,5 : rump-rums-rems-rets-rete,4 : lump-lamp-lame-lase,4 : lump-lamp-palm-pall,4 : tump-tamp-tarp-warp,4 : dump-damp-dame-wame,4 : hump-hemp-help-hell,5 : bump-burp-burd-bird-bind,5 : pump-pomp-poop-poof-woof,4 : pump-pomp-poop-pood,4 : rump-ramp-pram-pray,4 : bump-burp-burn-barn,5 : hump-hemp-help-helo-hero,
king, , , , , , , , , , , , , , , , , , , , , , , , , , , , , , , , , , , , , , , , , , , , , , , , , , , , , , ,4 : ling-lang-lane-lean,2 : ling-line,2 : ling-linn,3 : ling-link-lick,3 : ling-long-lone,3 : ling-lung-lunk,3 : kina-mina-main,4 : ping-pint-pent-peat,2 : kink-mink,4 : ling-linn-lion-loon,3 : ting-tins-tens,3 : sing-song-sone,5 : ding-dong-gong-gone-gore,4 : ding-dang-dank-dark,4 : ping-pang-pane-pean,3 : ping-pine-pile,2 : ping-pine,4 : sing-sung-snug-slug,2 : ping-pong,2 : ping-pong,4 : ping-pong-pond-pood,5 : ding-dung-dunt-duit-quit,3 : kina-kain-rain,2 : kina-kain,1 : ring,4 : ring-rind-rend-read,3 : ring-rink-rick,4 : ding-dong-done-dose,2 : sing-sang,4 : ling-lang-lane-lase,3 : ping-pins-snip,4 : sing-song-snog-shog,3 : sing-song-snog,3 : sing-sink-sick,1 : sing,4 : sing-sang-snag-stag,2 : ting-tang,2 : ting-tine,4 : ting-tine-tyne-tyee,3 : kine-vine-vane,4 : wing-wind-wild-will,4 : wing-wind-wand-ward,3 : wing-wine-wane,4 : wing-wind-wend-weld,1 : wing,4 : wing-wind-wild-wold,4 : ping-pong-pond-pood,4 : ring-rang-gran-gray,3 : kina-kain-karn,5 : kine-cine-cone-core-cero,
leaf, , , , , , , , , , , , , , , , , , , , , , , , , , , , , , , , , , , , , , , , , , , , , , , , , , , , , , , ,3 : lead-lade-lame,3 : loaf-loof-loon,3 : loaf-loof-look,3 : lead-lade-lode,4 : loaf-loof-look-lock,3 : lear-liar-rail,2 : lead-mead,4 : lead-mead-meld-mild,3 : loaf-loof-loon,3 : leap-neap-neat,3 : leas-lase-lose,4 : alef-alee-agee-ogee,3 : leak-peak-perk,1 : leak,3 : leal-peal-pial,3 : leap-pale-pile,4 : leas-legs-lugs-slug,3 : lead-lend-pend,4 : lead-lend-pend-pond,3 : loaf-loof-poof,5 : deaf-dead-duad-quad-quid,2 : lear-liar,3 : lear-liar-rail,4 : lead-read-rend-rind,2 : loaf-load,4 : loaf-loof-roof-rook,3 : lear-sear-rase,3 : lead-lend-send,1 : leal,5 : leal-seal-seam-sham-shim,4 : leas-lase-lose-hose,4 : loaf-loan-lown-sown,4 : loaf-loof-look-sook,4 : lean-lane-sane-sone,2 : lear-sear,3 : lean-lane-lank,4 : deaf-fade-fame-tame,3 : flea-flee-free,2 : leas-lase,3 : lead-dale-wale,3 : lear-wear-ware,3 : deaf-fade-wade,2 : leal-weal,3 : lead-lend-wend,3 : loaf-loof-woof,3 : loaf-loof-woof,4 : lead-bead-brad-bray,3 : lear-near-earn,4 : lead-head-herd-hero,
lime, , , , , , , , , , , , , , , , , , , , , , , , , , , , , , , , , , , , , , , , , , , , , , , , , , , , , , , , ,1 : limn,2 : lice-lick,1 : live,2 : lice-luce,1 : lima,2 : time-tame,1 : mile,3 : limn-lion-loon,4 : time-tame-meat-neat,3 : dime-dome-nome,3 : lire-lore-gore,4 : dime-dame-dare-pare,3 : lame-lake-leak,2 : mile-pile,2 : rime-ripe,3 : limp-lump-plum,3 : line-pine-pone,3 : line-pine-pone,3 : limo-moil-mool,5 : time-emit-smit-suit-quit,2 : lire-lira,3 : lire-lira-rail,2 : line-ling,4 : dime-dame-dare-read,3 : rime-rice-rick,2 : rime-rise,3 : lame-same-sane,2 : lame-lase,3 : limp-lisp-slip,4 : dime-dome-home-hose,4 : line-wine-wins-wons,3 : lice-sice-sick,3 : line-sine-sone,4 : rime-rise-rase-sear,3 : lame-lane-lank,1 : time,3 : rime-rite-rete,2 : lame-lase,3 : lame-wame-wale,3 : lame-wame-ware,2 : lame-wame,3 : lame-meal-weal,2 : line-wine,4 : rime-rile-role-rolf,4 : lire-wire-wore-word,5 : time-tame-team-tram-tray,4 : dime-dame-dare-yare,4 : lire-cire-cere-cero,
lion, , , , , , , , , , , , , , , , , , , , , , , , , , , , , , , , , , , , , , , , , , , , , , , , , , , , , , , , , ,2 : loon-look,3 : loon-lorn-lore,3 : loon-look-lock,2 : limn-lima,4 : pion-peon-pean-mean,3 : limn-lime-mile,1 : loon,4 : loon-loot-lost-lest,3 : pion-peon-nope,4 : loon-lorn-lore-gore,4 : pion-poon-porn-pork,3 : pion-peon-pean,3 : pion-pian-pial,3 : lien-line-pine,4 : limn-limp-lump-plum,3 : pion-peon-pone,3 : cion-coni-cony,2 : pion-poon,5 : loin-lain-rain-ruin-quin,2 : noil-roil,2 : loin-lain,2 : linn-ling,3 : loon-loan-roan,3 : loon-look-rook,4 : pion-peon-pone-pose,4 : lien-line-sine-sane,4 : pion-peon-pean-peal,4 : cion-chon-chin-shin,4 : cion-chon-chop-shop,3 : loon-soon-sown,3 : loon-soon-sook,3 : linn-ling-sing,5 : pion-peon-pean-pear-sear,3 : linn-link-lank,2 : limn-lime,5 : pion-peon-peen-peer-pree,4 : lien-lies-vies-vise,3 : noil-nail-wail,4 : loon-lorn-worn-warn,4 : lien-line-wine-wane,4 : lien-lied-deli-dell,2 : lino-wino,3 : loon-loof-woof,3 : pion-poon-pood,5 : pion-pian-plan-play-pray,4 : cion-coon-corn-carn,5 : cion-coon-corn-core-cero,
lock, , , , , , , , , , , , , , , , , , , , , , , , , , , , , , , , , , , , , , , , , , , , , , , , , , , , , , , , , , ,3 : lack-lace-lave,1 : luck,3 : loci-coil-moil,4 : bock-beck-beak-beat,2 : mock-mick,2 : look-loon,4 : look-loot-lost-lest,4 : bock-bonk-bone-none,4 : cock-cork-core-gore,2 : pock-pack,2 : pock-peck,4 : mock-mick-milk-mill,3 : pock-pick-pice,5 : sock-souk-sour-slur-slug,3 : bock-bonk-bond,3 : bock-bonk-bony,2 : look-loop,5 : dock-duck-duct-duit-quit,3 : lack-lark-lari,4 : pock-pack-paik-pain,3 : rock-rick-rink,3 : rock-rook-rood,1 : rock,3 : rock-rocs-roes,3 : sock-sack-sank,3 : lack-lace-lase,5 : bock-bosk-bosh-posh-pish,4 : dock-docs-does-hoes,4 : bock-bonk-wonk-wons,1 : sock,3 : bock-bonk-bong,3 : sock-soak-soar,2 : lack-tack,3 : lick-lice-lime,5 : dock-dork-dore-dere-dree,3 : lack-lace-lase,3 : lack-wack-walk,3 : lack-wack-wark,3 : lack-lace-lave,4 : yock-yolk-yelk-yell,3 : lick-wick-wink,3 : look-loof-woof,3 : hock-hook-hood,5 : lack-lark-lard-yard-dray,4 : bock-back-bark-barn,4 : cock-cork-core-cero,
love, , , , , , , , , , , , , , , , , , , , , , , , , , , , , , , , , , , , , , , , , , , , , , , , , , , , , , , , , , , ,3 : lave-lace-luce,3 : live-lime-lima,3 : move-mote-mate,3 : move-mole-mile,3 : move-more-morn,3 : lose-lost-lest,1 : lose,2 : loge-ogle,3 : lave-pave-pare,3 : lave-lake-leak,3 : live-vile-pile,2 : lope-pope,4 : loge-luge-lugs-slug,2 : lone-pone,2 : lone-pone,3 : lope-pole-poll,6 : dove-dole-dolt-doit-duit-quit,3 : live-lire-lira,4 : live-lire-lira-rail,3 : live-line-ling,3 : lore-lord-load,3 : cove-core-cork,1 : rove,3 : lave-save-sane,2 : lave-lase,4 : hove-hope-hops-hips,2 : hove-hose,3 : lone-enol-enow,4 : cove-cone-conk-cock,2 : lone-sone,4 : rove-rave-rase-sear,3 : lave-lane-lank,2 : live-lime,3 : rove-rote-rete,2 : lave-save,3 : wove-wave-wale,3 : wove-wave-ware,1 : wove,3 : lave-veal-weal,3 : wove-wive-wine,3 : rove-role-rolf,3 : wove-wore-word,5 : lave-fave-fare-frae-fray,3 : lore-yore-yare,3 : cove-core-cero,
luck, , , , , , , , , , , , , , , , , , , , , , , , , , , , , , , , , , , , , , , , , , , , , , , , , , , , , , , , , , , , ,4 : huck-hack-haik-hail,4 : buck-beck-beak-beat,2 : muck-mick,3 : lock-look-loon,4 : buck-busk-bust-best,4 : ruck-rusk-ruse-rose,4 : lurk-lure-lore-gore,2 : puck-pack,2 : puck-peck,4 : buck-bulk-bilk-bill,3 : puck-pick-pice,4 : luce-luge-lugs-slug,4 : buck-bock-bonk-bond,3 : puck-punk-puny,3 : lock-look-loop,4 : duck-duct-duit-quit,3 : lack-lark-lari,4 : puck-pack-paik-pain,3 : ruck-rick-rink,4 : ruck-rock-rook-rood,1 : ruck,3 : ruck-rusk-ruse,3 : suck-sack-sank,3 : lack-lace-lase,5 : buck-busk-bush-push-pish,4 : luce-clue-slue-sloe,5 : buck-bock-bonk-wonk-wons,1 : suck,3 : suck-sunk-sung,4 : suck-sock-soak-soar,2 : tuck-tack,3 : lick-lice-lime,5 : duck-duce-dure-dere-dree,3 : lack-lace-lase,3 : lack-wack-walk,3 : lack-wack-wark,3 : lack-lace-lave,4 : buck-bulk-bull-bell,3 : lick-wick-wink,4 : lock-look-loof-woof,4 : huck-hock-hook-hood,5 : lack-lark-lard-yard-dray,4 : buck-back-bark-barn,4 : muck-murk-merk-zerk,
mail, , , , , , , , , , , , , , , , , , , , , , , , , , , , , , , , , , , , , , , , , , , , , , , , , , , , , , , , , , , , , ,3 : mall-mell-meal,2 : moil-milo,2 : moil-mool,4 : bail-bait-bast-best,4 : nail-noil-noel-noes,4 : marl-mare-more-gore,2 : pail-paik,3 : pail-pial-peal,2 : pail-pall,4 : fail-fila-file-pile,3 : maul-alum-plum,4 : moil-mool-pool-pood,4 : pail-pall-poll-poly,2 : moil-mool,3 : maid-qaid-quid,1 : rail,1 : rail,3 : main-gain-grin,4 : rail-rial-real-read,4 : hail-haik-hack-rack,4 : rail-roil-roll-role,2 : sail-said,2 : sail-sial,3 : sail-sain-shin,5 : hail-hall-hale-hole-hose,4 : sail-sain-sawn-sown,4 : hail-haik-hack-sack,4 : sail-said-sand-sang,3 : marl-mars-tars,3 : hail-haik-hank,2 : lima-lime,5 : bail-bait-brit-brie-bree,3 : mall-male-vale,1 : wail,3 : fail-farl-farm,3 : wail-wall-wale,2 : wail-wall,3 : main-mina-mind,3 : fail-foil-fowl,3 : moil-mool-wool,4 : marl-mart-tram-tray,3 : kail-kain-karn,4 : hail-heil-herl-hero,
meat, , , , , , , , , , , , , , , , , , , , , , , , , , , , , , , , , , , , , , , , , , , , , , , , , , , , , , , , , , , , , , ,2 : melt-milt,2 : moat-moot,1 : neat,3 : mean-name-nome,4 : moat-mort-more-gore,3 : peat-prat-part,1 : peat,3 : peat-peal-pial,4 : neat-neap-pane-pine,4 : seat-slat-slut-slug,3 : peat-pent-pend,4 : neat-neap-pane-pone,3 : moat-moot-mool,5 : seat-shat-shit-suit-quit,3 : meal-real-rial,4 : neat-ante-anti-tain,4 : peat-pent-pint-ping,2 : mead-read,4 : beat-beak-beck-reck,3 : seat-sear-rase,3 : seat-sent-send,1 : seat,3 : seat-shat-shit,3 : seat-shat-shot,4 : neat-newt-nowt-nows,4 : beat-beak-beck-bock,4 : seat-sent-sene-sone,2 : seat-stat,3 : seat-skat-task,1 : tame,3 : heat-thae-thee,3 : beat-bate-base,3 : melt-welt-well,3 : mate-mare-ware,2 : tame-wame,2 : melt-welt,3 : mead-mend-wend,4 : feat-flat-flaw-flow,3 : moat-moot-mood,3 : beat-brat-bray,3 : neat-near-earn,4 : heat-head-herd-hero,
milk, , , , , , , , , , , , , , , , , , , , , , , , , , , , , , , , , , , , , , , , , , , , , , , , , , , , , , , , , , , , , , , ,3 : mink-monk-mono,4 : silk-silt-list-lest,4 : silk-sink-sine-sone,4 : mirk-mire-more-gore,2 : mirk-mark,3 : mick-pick-peck,1 : mill,2 : mile-pile,4 : mill-gill-gull-gulp,4 : mink-fink-find-fond,3 : mink-pink-piny,3 : mill-pill-poll,5 : silk-silt-slit-suit-quit,3 : mill-rill-rial,3 : mink-mina-main,2 : mink-rink,4 : mild-gild-gold-goad,2 : mick-rick,3 : mile-rile-role,3 : silk-sink-sank,3 : silk-sill-sell,3 : mils-slim-shim,4 : mile-mole-hole-hose,4 : mink-wink-wonk-wons,2 : silk-sick,3 : silk-sink-sing,4 : mirk-mark-mars-tars,3 : bilk-balk-talk,2 : mile-tile,4 : mile-rile-rite-rete,3 : mile-vile-vale,2 : mill-will,3 : mirk-mark-wark,3 : mile-wile-wale,2 : mill-will,2 : mink-wink,3 : mild-wild-wold,3 : mild-wild-wold,5 : mirk-mark-mart-tram-tray,4 : bilk-balk-bark-barn,3 : mirk-merk-zerk,
moon, , , , , , , , , , , , , , , , , , , , , , , , , , , , , , , , , , , , , , , , , , , , , , , , , , , , , , , , , , , , , , , , ,4 : loon-loot-lost-lest,3 : noon-neon-none,3 : morn-more-gore,3 : poon-porn-pork,3 : poon-peon-pean,3 : poon-pool-poll,4 : poon-peon-pein-pine,5 : coon-clon-clog-slog-slug,2 : poon-pood,2 : mono-mony,1 : poon,6 : coon-coin-cain-rain-ruin-quin,3 : mool-moil-roil,3 : coon-coin-cain,4 : loon-lion-linn-ling,2 : moan-roan,3 : boon-book-rook,3 : soon-sorn-sore,4 : soon-sorn-sord-sard,3 : moan-mean-meal,4 : coon-chon-chin-shin,3 : soon-soot-shot,2 : soon-sown,2 : soon-sook,3 : moos-mogs-nogs,4 : boon-boor-boar-soar,4 : boon-book-bonk-bank,4 : loon-lion-limn-lime,4 : toon-toot-trot-tret,4 : moan-mean-mane-vane,3 : mool-moll-mall,3 : morn-worn-warn,4 : moan-mean-wean-wane,3 : mool-moll-mell,4 : loon-lion-lino-wino,3 : coon-coof-woof,1 : mood,5 : boon-born-barn-bran-bray,3 : boon-born-barn,4 : coon-corn-core-cero,
nest, , , , , , , , , , , , , , , , , , , , , , , , , , , , , , , , , , , , , , , , , , , , , , , , , , , , , , , , , , , , , , , , , ,3 : hest-host-hose,5 : gest-gent-gene-gone-gore,3 : pest-past-part,2 : pest-peat,4 : best-belt-bell-bill,4 : pest-post-pose-pope,4 : lest-lust-slut-slug,3 : pest-pent-pend,3 : pest-post-posy,4 : lest-lost-loot-loop,5 : best-bust-dust-duit-quit,4 : best-bast-bait-bail,4 : gest-gast-gait-gain,3 : tens-tins-rins,4 : best-beat-bead-read,4 : rest-rust-rusk-ruck,3 : hest-host-hose,2 : sent-send,2 : neat-seat,3 : hest-hist-shit,3 : hest-host-hose,3 : west-wost-stow,5 : best-bast-cast-cask-sack,3 : sent-sene-sone,3 : best-bast-stab,2 : tens-tans,3 : neat-meat-tame,3 : rest-reft-tref,2 : vest-vast,3 : west-welt-well,3 : west-wast-wart,4 : hest-heat-hate-have,2 : west-welt,3 : west-went-wend,4 : west-welt-weld-wold,4 : hest-host-hoot-hood,4 : best-beat-brat-bray,3 : neat-near-earn,4 : hest-hets-hers-hero,
nose, , , , , , , , , , , , , , , , , , , , , , , , , , , , , , , , , , , , , , , , , , , , , , , , , , , , , , , , , , , , , , , , , , ,3 : dose-dore-gore,3 : pose-pase-pare,3 : pose-pase-peas,3 : pose-pole-pile,2 : pose-pope,4 : lose-sloe-slue-slug,2 : pose-pone,2 : pose-pone,3 : pose-pole-poll,5 : dose-dost-dust-duit-quit,4 : lose-lore-lire-lira,4 : rose-rise-reis-rein,3 : sone-sine-sing,4 : dose-dore-dare-read,3 : rose-roes-rocs,1 : rose,2 : sone-sane,2 : lose-lase,3 : hose-shoe-shop,1 : hose,2 : noes-nows,4 : dose-dore-dork-dock,1 : sone,3 : rose-rase-sear,3 : sone-sane-sank,2 : nome-tome,3 : rose-rote-rete,2 : lose-lase,4 : dose-dole-dale-wale,4 : dose-dore-wore-ware,3 : dose-dove-wove,4 : dose-dole-dele-dell,3 : none-nine-wine,3 : rose-role-rolf,3 : noes-woes-woos,5 : dose-dost-doat-drat-dray,4 : dose-dore-yore-yare,4 : dose-dore-core-cero,
ogre, , , , , , , , , , , , , , , , , , , , , , , , , , , , , , , , , , , , , , , , , , , , , , , , , , , , , , , , , , , , , , , , , , , ,3 : gore-pore-pare,4 : gore-pore-pare-pear,4 : gore-pore-pole-pile,3 : gore-pore-pope,5 : ogle-loge-luge-lugs-slug,3 : gore-pore-pone,3 : gore-pore-pone,4 : gore-pore-pole-poll,7 : gore-core-care-card-caid-qaid-quid,4 : gore-lore-lire-lira,5 : gore-core-care-carn-cain,5 : ogle-loge-lone-line-ling,4 : gore-dore-dare-read,3 : gore-core-cork,2 : gore-sore,4 : gore-sore-sone-sane,4 : ogee-agee-alee-ales,5 : gore-pore-pose-posh-pish,3 : goer-hoer-hoes,4 : gore-sore-sorn-sown,4 : gore-core-cork-cock,3 : gore-sore-sone,4 : gore-sore-sora-soar,5 : ogle-loge-lone-lane-lank,3 : gore-tore-tire,4 : ogee-agee-awee-twee,4 : ogee-agee-ages-aves,4 : gore-wore-ware-wale,3 : gore-wore-ware,3 : gore-wore-ware,5 : gore-bore-bole-boll-bell,4 : gore-wore-wire-wine,4 : ogle-orle-role-rolf,3 : gore-wore-word,4 : gore-gyre-grey-gray,3 : gore-yore-yare,3 : gore-core-cero,
park, , , , , , , , , , , , , , , , , , , , , , , , , , , , , , , , , , , , , , , , , , , , , , , , , , , , , , , , , , , , , , , , , , , , ,1 : perk,3 : paik-pail-pall,3 : perk-peri-ripe,4 : pars-purs-puls-plus,3 : pork-pore-pone,3 : pork-pore-pone,3 : pork-porn-poon,4 : paik-paid-qaid-quid,2 : lark-lari,2 : paik-pain,3 : nark-rank-rink,3 : dark-dare-read,2 : cark-cork,3 : pork-pore-sore,2 : sark-sank,3 : perk-peak-peal,4 : paik-pain-sain-shin,4 : pork-pore-pose-hose,4 : wark-work-wonk-wons,2 : sark-sack,3 : sark-sank-sang,2 : pars-tars,2 : bark-bank,3 : pare-tare-tire,4 : bark-bare-brae-bree,2 : pare-pase,2 : wark-walk,1 : wark,2 : wark-ware,3 : wark-walk-wall,3 : wark-ward-wand,4 : wark-work-word-wold,3 : wark-work-word,3 : pard-yard-dray,2 : bark-barn,2 : perk-zerk,
peak, , , , , , , , , , , , , , , , , , , , , , , , , , , , , , , , , , , , , , , , , , , , , , , , , , , , , , , , , , , , , , , , , , , , , ,2 : peal-pial,3 : peck-pick-pice,5 : leak-leas-legs-lugs-slug,3 : peek-peed-pend,3 : pean-peon-pone,3 : pean-peon-poon,5 : pean-pein-rein-ruin-quin,3 : leak-lear-liar,3 : pean-pian-pain,4 : peck-reck-rick-rink,3 : beak-bead-read,2 : peck-reck,3 : pear-sear-rase,3 : pean-pane-sane,1 : peal,4 : peas-pias-pins-snip,4 : peas-pase-pose-hose,4 : peas-pens-wens-wons,2 : peck-pock,4 : pean-peon-pone-sone,2 : pear-sear,3 : peck-pack-tack,3 : teak-team-tame,3 : peek-peer-pree,2 : peas-pase,3 : leak-kale-wale,3 : weak-wear-ware,2 : weak-wake,2 : weak-weal,4 : beak-bead-bend-wend,4 : peal-feal-foal-fowl,4 : leak-lead-load-woad,3 : peat-prat-pray,3 : pear-near-earn,2 : perk-zerk,
pill, , , , , , , , , , , , , , , , , , , , , , , , , , , , , , , , , , , , , , , , , , , , , , , , , , , , , , , , , , , , , , , , , , , , , , ,1 : pile,3 : gill-gull-gulp,3 : poll-pool-pood,2 : poll-poly,1 : poll,5 : dill-dial-laid-qaid-quid,2 : rill-rial,3 : rill-rial-rail,3 : gill-girl-girn,4 : gill-gild-gold-goad,4 : mill-milk-mick-rick,3 : rill-roll-role,4 : bill-ball-bald-band,2 : sill-sell,4 : hill-hilt-hist-shit,4 : poll-pole-hole-hose,4 : poll-pols-pons-wons,3 : sill-silk-sick,4 : sill-silk-sink-sing,4 : sill-sell-seal-sear,3 : till-tall-talk,2 : till-tile,4 : rill-rile-rite-rete,3 : vill-vile-vale,1 : will,4 : bill-ball-balm-barm,3 : will-wall-wale,1 : will,2 : will-wild,3 : rill-roll-rolf,3 : will-wild-wold,4 : pall-paly-play-pray,4 : kill-kiln-kirn-karn,4 : hill-hell-herl-hero,
pipe, , , , , , , , , , , , , , , , , , , , , , , , , , , , , , , , , , , , , , , , , , , , , , , , , , , , , , , , , , , , , , , , , , , , , , , ,4 : pile-pule-pulp-gulp,2 : pope-pone,2 : pope-pone,3 : pope-pole-poll,5 : pine-pein-rein-ruin-quin,4 : ripe-rile-rill-rial,3 : pine-pina-pain,2 : pine-ping,4 : ripe-rape-reap-read,3 : ripe-rice-rick,2 : ripe-rope,3 : sipe-sine-sane,3 : pile-pale-sale,2 : pips-hips,3 : pope-hope-hose,4 : wipe-wine-wins-wons,3 : sipe-sice-sick,3 : sipe-sine-sone,4 : ripe-rape-rase-sear,4 : sipe-sine-sane-sank,2 : ripe-rime,3 : ripe-rite-rete,3 : ripe-rape-vape,3 : wipe-wile-wale,3 : wipe-wire-ware,2 : wipe-wive,3 : wipe-wile-will,2 : wipe-wine,4 : ripe-rope-role-rolf,4 : wipe-wile-wild-wold,5 : ripe-rape-rapt-prat-pray,4 : ripe-rape-rare-yare,4 : ripe-peri-perk-zerk,
plug, , , , , , , , , , , , , , , , , , , , , , , , , , , , , , , , , , , , , , , , , , , , , , , , , , , , , , , , , , , , , , , , , , , , , , , , ,4 : plus-puls-pols-pons,4 : plus-puls-pols-pons,4 : plus-puls-pols-poll,5 : slug-slut-slit-suit-quit,4 : plum-alum-maul-mail,5 : glug-gleg-glen-gaen-gain,4 : slug-snug-sung-rung,5 : glug-gleg-gled-glad-goad,5 : slug-slur-sour-souk-sock,4 : slug-slog-sloe-lose,4 : slug-snug-snag-sang,4 : slug-slag-slam-seam,4 : slug-slag-slap-slip,3 : slug-slog-shog,3 : slug-snug-snog,4 : slug-slur-sour-souk,3 : slug-snug-snog,3 : slug-slag-stag,5 : slug-snug-snag-sang-tang,4 : plum-lump-limp-lime,4 : glug-gleg-glee-gree,5 : slug-slag-stag-gast-vast,3 : gulp-gull-gall,5 : slug-slag-swag-wags-wars,5 : slug-slag-swag-wags-wage,4 : gulp-gull-bull-bell,5 : slug-snug-sung-sing-wing,3 : gulp-gulf-golf,5 : slug-slog-logs-wogs-woos,5 : glug-gleg-gley-grey-gray,6 : glug-glum-gaum-gaud-yaud-yard,6 : glug-glum-geum-germ-herm-hero,
pond, , , , , , , , , , , , , , , , , , , , , , , , , , , , , , , , , , , , , , , , , , , , , , , , , , , , , , , , , , , , , , , , , , , , , , , , , ,1 : pony,1 : pood,6 : bond-band-land-laid-qaid-quid,4 : bond-band-rand-raid,4 : bond-band-rand-raid,2 : pong-ping,2 : pood-rood,3 : bond-bonk-bock,2 : pone-pose,2 : bond-band,4 : pend-lend-lead-leal,3 : pons-pins-snip,3 : pone-hone-hose,2 : pons-wons,3 : bond-bonk-bock,1 : pong,4 : pons-tons-tans-tars,3 : bond-band-bank,3 : pone-tone-tine,4 : pend-rend-reed-dree,3 : pone-pane-vane,4 : bond-band-bald-ball,4 : bond-band-wand-ward,3 : pone-pane-wane,3 : pend-wend-weld,2 : bond-bind,3 : bond-bold-wold,1 : pood,5 : bond-band-bard-yard-dray,4 : bond-band-rand-darn,4 : pone-cone-core-cero,
pony, , , , , , , , , , , , , , , , , , , , , , , , , , , , , , , , , , , , , , , , , , , , , , , , , , , , , , , , , , , , , , , , , , , , , , , , , , ,2 : poly-poll,5 : puny-punt-dunt-duit-quit,4 : piny-pina-pain-rain,3 : piny-pina-pain,2 : piny-ping,3 : pond-pood-rood,3 : bony-bonk-bock,2 : posy-rosy,3 : bony-bond-band,4 : poly-paly-pale-sale,3 : piny-pins-snip,3 : posy-pose-hose,2 : pons-wons,3 : bony-bonk-bock,1 : pong,4 : tony-tory-tors-tars,3 : bony-bonk-bank,3 : tony-tiny-tine,4 : tony-tory-troy-trey,3 : posy-pose-pase,3 : poly-paly-waly,4 : cony-cory-corm-worm,3 : pone-pane-wane,4 : mony-moly-moll-mell,2 : piny-winy,4 : bony-bond-bold-wold,2 : pond-pood,4 : tony-tory-troy-tray,4 : cony-cory-corn-carn,4 : cony-cory-core-cero,
pool, , , , , , , , , , , , , , , , , , , , , , , , , , , , , , , , , , , , , , , , , , , , , , , , , , , , , , , , , , , , , , , , , , , , , , , , , , , ,6 : mool-moil-mail-maid-qaid-quid,3 : cool-coil-roil,4 : cool-coil-roil-rail,4 : pood-pond-pong-ping,2 : pood-rood,3 : cool-cook-rook,3 : poll-roll-role,4 : pood-pond-bond-band,3 : fool-foal-feal,3 : pooh-posh-pish,3 : pooh-posh-shop,3 : wool-woos-wons,3 : cool-cook-sook,3 : pood-pond-pong,4 : poor-boor-boar-soar,4 : tool-toll-tall-talk,4 : mool-moil-limo-lime,4 : tool-toot-trot-tret,4 : poll-pall-pale-vale,2 : poll-pall,4 : wool-wood-word-ward,4 : poll-pall-wall-wale,3 : mool-moll-mell,4 : fool-food-fond-find,2 : fool-fowl,1 : wool,5 : tool-toot-trot-troy-tray,4 : cool-coon-corn-carn,5 : cool-coof-corf-core-cero,
quiz, , , , , , , , , , , , , , , , , , , , , , , , , , , , , , , , , , , , , , , , , , , , , , , , , , , , , , , , , , , , , , , , , , , , , , , , , , , , ,3 : quid-qaid-raid,2 : quin-ruin,4 : quid-guid-grid-grin,5 : quid-guid-grid-grad-orad,5 : quit-duit-duct-duck-ruck,5 : quin-ruin-rein-reis-rise,3 : quid-qaid-said,5 : quid-qaid-laid-dial-sial,3 : quit-suit-shit,4 : quit-suit-shit-shot,4 : quit-suit-snit-snot,5 : quit-duit-duct-duck-suck,5 : quid-qaid-said-sand-sang,5 : quit-suit-shit-shat-stat,5 : quid-qaid-laid-land-lank,4 : quit-suit-smit-emit,6 : quin-ruin-rein-reif-reef-free,6 : quid-qaid-caid-card-care-case,5 : quid-qaid-maid-mail-wail,5 : quid-qaid-caid-card-ward,6 : quid-qaid-caid-card-ward-ware,6 : quid-qaid-laid-dial-deal-weal,5 : quid-qaid-laid-land-wand,6 : quit-duit-doit-dolt-told-wold,6 : quid-guid-grid-grad-goad-woad,5 : quid-guid-grid-grad-gray,5 : quid-qaid-caid-card-yard,7 : quid-qaid-caid-card-hard-herd-hero,
rail, , , , , , , , , , , , , , , , , , , , , , , , , , , , , , , , , , , , , , , , , , , , , , , , , , , , , , , , , , , , , , , , , , , , , , , , , , , , , ,1 : rain,3 : raid-rand-rind,3 : rial-real-read,4 : hail-haik-hack-rack,3 : roil-roll-role,2 : sail-said,2 : sail-sial,3 : sail-sain-shin,5 : hail-hall-hale-hole-hose,4 : sail-sain-sawn-sown,4 : hail-haik-hack-sack,4 : sail-said-sand-sang,3 : lari-lars-tars,3 : hail-haik-hank,3 : mail-lima-lime,4 : roil-rotl-rote-rete,4 : bail-ball-bale-vale,1 : wail,3 : fail-farl-farm,3 : wail-wall-wale,2 : wail-wall,3 : raid-rand-wand,3 : fail-foil-fowl,4 : fail-foil-fool-wool,4 : lari-lard-yard-dray,3 : kail-kain-karn,4 : hail-heil-herl-hero,
rain, , , , , , , , , , , , , , , , , , , , , , , , , , , , , , , , , , , , , , , , , , , , , , , , , , , , , , , , , , , , , , , , , , , , , , , , , , , , , , ,2 : gain-grin,4 : kain-kaon-koan-roan,3 : rani-rank-rack,3 : rein-reis-rise,2 : sain-said,3 : sain-sail-sial,2 : sain-shin,4 : sain-shin-ship-shop,3 : sain-sawn-sown,4 : pain-paik-pack-sack,3 : rani-rang-sang,3 : tain-tarn-tars,2 : rani-rank,4 : kain-kina-kine-tine,4 : tain-thin-then-thee,4 : cain-carn-care-case,2 : wain-wail,2 : wain-warn,3 : wain-warn-ware,3 : wain-wail-wall,3 : kain-kina-kind,4 : fain-foin-foil-fowl,4 : wain-warn-worn-word,4 : gain-grin-gran-gray,2 : cain-carn,4 : airn-airy-aery-aero,
ring, , , , , , , , , , , , , , , , , , , , , , , , , , , , , , , , , , , , , , , , , , , , , , , , , , , , , , , , , , , , , , , , , , , , , , , , , , , , , , , ,3 : rind-rend-read,2 : rink-rick,3 : rung-rune-ruse,2 : sing-sang,4 : ling-lang-lane-lase,3 : ping-pins-snip,4 : sing-song-snog-shog,3 : sing-song-snog,3 : sing-sink-sick,1 : sing,4 : sing-sang-snag-stag,2 : ting-tang,2 : ting-tine,4 : ting-tine-tyne-tyee,3 : rang-vang-vane,4 : wing-wind-wild-will,4 : wing-wind-wand-ward,3 : wing-wine-wane,4 : wing-wind-wend-weld,1 : wing,4 : wing-wind-wild-wold,4 : ping-pong-pond-pood,3 : rang-gran-gray,3 : rang-rand-darn,5 : rind-rend-nerd-herd-hero,
road, , , , , , , , , , , , , , , , , , , , , , , , , , , , , , , , , , , , , , , , , , , , , , , , , , , , , , , , , , , , , , , , , , , , , , , , , , , , , , , , ,2 : rood-rook,4 : goad-goas-goes-roes,3 : read-rend-send,2 : read-real,5 : goad-goat-ghat-shat-shit,4 : goad-goas-goes-hoes,4 : goad-gowd-gown-sown,3 : rood-rook-sook,4 : rood-pood-pond-pong,2 : roar-soar,4 : goad-goat-gnat-tang,4 : toad-toed-tied-tide,3 : read-reed-dree,4 : load-lead-leas-lase,4 : goad-goal-gaol-gall,3 : woad-word-ward,3 : read-dare-ware,3 : woad-wold-weld,3 : woad-wold-wild,2 : woad-wold,1 : woad,3 : goad-grad-gray,3 : read-dare-yare,4 : read-head-herd-hero,
rock, , , , , , , , , , , , , , , , , , , , , , , , , , , , , , , , , , , , , , , , , , , , , , , , , , , , , , , , , , , , , , , , , , , , , , , , , , , , , , , , , ,2 : rocs-roes,3 : sock-sack-sank,4 : lock-lack-lace-lase,5 : bock-bosk-bosh-posh-pish,3 : rocs-roes-hoes,3 : rocs-rows-nows,1 : sock,3 : bock-bonk-bong,3 : sock-soak-soar,2 : rack-tack,3 : rick-rice-rime,4 : rack-race-rate-rete,3 : rack-race-rase,3 : rack-wack-walk,3 : rack-wack-wark,3 : rack-race-rave,4 : yock-yolk-yelk-yell,3 : rick-wick-wink,3 : rook-roof-woof,2 : rook-rood,5 : rack-rank-rang-gran-gray,3 : rack-rank-karn,3 : cork-core-cero,
rose, , , , , , , , , , , , , , , , , , , , , , , , , , , , , , , , , , , , , , , , , , , , , , , , , , , , , , , , , , , , , , , , , , , , , , , , , , , , , , , , , , ,3 : nose-sone-sane,2 : lose-lase,3 : hose-shoe-shop,1 : hose,3 : hose-shoe-show,3 : roes-rocs-rock,2 : nose-sone,2 : rase-sear,4 : hose-hone-honk-hank,2 : rise-rime,2 : rote-rete,1 : rase,3 : rase-rale-wale,3 : rase-rare-ware,2 : rase-rave,4 : dose-dole-dele-dell,3 : rise-wise-wine,2 : role-rolf,3 : roes-woes-woos,4 : rase-eras-bras-bray,3 : rase-rare-yare,3 : sore-core-cero,
sand, , , , , , , , , , , , , , , , , , , , , , , , , , , , , , , , , , , , , , , , , , , , , , , , , , , , , , , , , , , , , , , , , , , , , , , , , , , , , , , , , , , ,2 : sane-sale,3 : said-skid-skip,4 : hand-haed-hoed-hoes,3 : wand-wans-wons,2 : sank-sack,1 : sang,3 : sard-rads-rats,1 : sank,3 : sane-sine-tine,4 : rand-rend-reed-dree,2 : sane-vane,3 : band-bald-ball,2 : wand-ward,2 : wand-wane,3 : wand-wend-weld,1 : wand,4 : band-bond-bold-wold,3 : wand-ward-word,3 : sard-yard-dray,2 : rand-darn,4 : hand-hard-herd-hero,
seal, , , , , , , , , , , , , , , , , , , , , , , , , , , , , , , , , , , , , , , , , , , , , , , , , , , , , , , , , , , , , , , , , , , , , , , , , , , , , , , , , , , , ,3 : seam-sham-shim,3 : seat-shat-shot,4 : seel-seen-sewn-sown,3 : sear-soar-soak,3 : sale-sole-sone,1 : sear,3 : teal-tale-talk,3 : meal-meat-tame,4 : deal-dear-deer-dree,1 : lase,2 : weal-well,3 : weal-wear-ware,2 : veal-lave,1 : weal,4 : deal-lead-lend-wend,3 : feal-foal-fowl,4 : deal-lead-load-woad,4 : feal-fear-frae-fray,3 : real-earl-earn,3 : heal-herl-hero,
ship, , , , , , , , , , , , , , , , , , , , , , , , , , , , , , , , , , , , , , , , , , , , , , , , , , , , , , , , , , , , , , , , , , , , , , , , , , , , , , , , , , , , , ,1 : shop,2 : shop-show,4 : skip-skin-sink-sick,3 : shop-shog-snog,3 : shit-shat-stat,4 : skip-skin-sink-sank,3 : shit-smit-emit,4 : shin-thin-then-thee,3 : pish-pash-pase,4 : whip-whin-wain-wail,4 : whip-whap-wrap-warp,4 : pish-wish-wise-wive,5 : whip-whin-wain-wail-wall,3 : snip-pins-wins,4 : slip-flip-flop-flow,4 : shop-swop-wops-woos,5 : chip-chap-crap-frap-fray,4 : chip-chin-cain-carn,5 : shop-shoe-hoes-hoer-hero,
shoe, , , , , , , , , , , , , , , , , , , , , , , , , , , , , , , , , , , , , , , , , , , , , , , , , , , , , , , , , , , , , , , , , , , , , , , , , , , , , , , , , , , , , , ,1 : show,3 : shot-soot-sook,2 : shog-snog,3 : shog-shag-stag,4 : shot-snot-tons-tans,3 : hose-home-tome,4 : sloe-floe-froe-free,3 : sloe-lose-lase,4 : sloe-sole-sale-wale,4 : hoes-woes-waes-wars,3 : hose-hove-wove,4 : hose-hole-helo-hell,4 : show-snow-wons-wins,3 : sloe-floe-flow,3 : hoes-woes-woos,5 : sloe-floe-froe-frae-fray,5 : sloe-sole-sore-yore-yare,3 : hoes-hoer-hero,
snow, , , , , , , , , , , , , , , , , , , , , , , , , , , , , , , , , , , , , , , , , , , , , , , , , , , , , , , , , , , , , , , , , , , , , , , , , , , , , , , , , , , , , , , ,3 : snot-soot-sook,1 : snog,2 : stow-staw,3 : snaw-wans-tans,4 : stow-stew-stem-item,4 : show-shew-thew-thee,4 : slow-sloe-lose-lase,4 : snaw-wans-waws-wawl,3 : snaw-wans-wars,3 : snaw-wans-wane,4 : stow-stew-west-welt,2 : wons-wins,2 : slow-flow,2 : wons-woos,5 : slow-blow-brow-braw-bray,3 : snaw-sawn-yawn,5 : show-shew-hews-hers-hero,
sock, , , , , , , , , , , , , , , , , , , , , , , , , , , , , , , , , , , , , , , , , , , , , , , , , , , , , , , , , , , , , , , , , , , , , , , , , , , , , , , , , , , , , , , , ,3 : bock-bonk-bong,2 : soak-soar,2 : sack-tack,4 : dock-dick-dice-dime,5 : dock-dork-dore-dere-dree,3 : sack-cask-case,3 : sack-wack-walk,3 : sack-wack-wark,4 : lock-lack-lace-lave,4 : yock-yolk-yelk-yell,3 : sick-wick-wink,4 : cock-cook-coof-woof,3 : hock-hook-hood,5 : sack-sark-sard-yard-dray,4 : bock-back-bark-barn,4 : cock-cork-core-cero,
song, , , , , , , , , , , , , , , , , , , , , , , , , , , , , , , , , , , , , , , , , , , , , , , , , , , , , , , , , , , , , , , , , , , , , , , , , , , , , , , , , , , , , , , , , ,3 : sang-snag-stag,2 : tong-tang,3 : tong-ting-tine,4 : tong-tone-tyne-tyee,3 : sang-vang-vane,4 : sang-sane-wane-wale,4 : sang-sand-wand-ward,3 : sang-sane-wane,4 : sons-sols-sels-sell,2 : sing-wing,4 : bong-bond-bold-wold,3 : pong-pond-pood,4 : sang-rang-gran-gray,4 : sang-rang-rand-darn,4 : sone-cone-core-cero,
star, , , , , , , , , , , , , , , , , , , , , , , , , , , , , , , , , , , , , , , , , , , , , , , , , , , , , , , , , , , , , , , , , , , , , , , , , , , , , , , , , , , , , , , , , , ,2 : tars-tans,3 : tars-tams-tame,3 : rats-rets-rete,2 : sear-rase,4 : scar-cars-carl-call,2 : tars-wars,3 : sear-wear-ware,3 : sear-wear-weal,4 : staw-snaw-wans-wins,4 : staw-slaw-flaw-flow,4 : soar-roar-road-woad,3 : arts-arty-tray,2 : tars-tarn,4 : sear-year-aery-aero,
tank, , , , , , , , , , , , , , , , , , , , , , , , , , , , , , , , , , , , , , , , , , , , , , , , , , , , , , , , , , , , , , , , , , , , , , , , , , , , , , , , , , , , , , , , , , , ,3 : tack-tace-tame,5 : bank-bark-bare-brae-bree,3 : bank-bask-base,2 : talk-walk,3 : bank-bark-wark,3 : bank-bane-wane,3 : talk-walk-wall,3 : bank-band-wand,5 : bank-bonk-bond-bold-wold,4 : hank-honk-hook-hood,4 : rank-rang-gran-gray,2 : rank-karn,5 : bank-bark-mark-merk-zerk,
time, , , , , , , , , , , , , , , , , , , , , , , , , , , , , , , , , , , , , , , , , , , , , , , , , , , , , , , , , , , , , , , , , , , , , , , , , , , , , , , , , , , , , , , , , , , , ,3 : rime-rite-rete,3 : lime-lame-lase,3 : tame-wame-wale,3 : tame-wame-ware,2 : tame-wame,3 : tile-wile-will,2 : tine-wine,4 : rime-rile-role-rolf,4 : tome-tole-told-wold,4 : tame-team-tram-tray,3 : tame-tare-yare,4 : tome-come-core-cero,
tree, , , , , , , , , , , , , , , , , , , , , , , , , , , , , , , , , , , , , , , , , , , , , , , , , , , , , , , , , , , , , , , , , , , , , , , , , , , , , , , , , , , , , , , , , , , , , ,3 : rete-rate-rase,4 : twee-weet-welt-well,4 : bree-brae-bare-ware,3 : rete-rate-rave,3 : twee-weet-welt,4 : dree-reed-weed-wend,4 : free-flee-floe-flow,5 : dree-drew-draw-ward-word,2 : trey-tray,4 : bree-brae-bran-barn,4 : dree-dere-cere-cero,
vase, , , , , , , , , , , , , , , , , , , , , , , , , , , , , , , , , , , , , , , , , , , , , , , , , , , , , , , , , , , , , , , , , , , , , , , , , , , , , , , , , , , , , , , , , , , , , , ,2 : vale-wale,3 : base-bare-ware,1 : save,3 : lase-seal-weal,3 : vise-wise-wine,4 : rase-rose-role-rolf,5 : base-bale-bole-bold-wold,4 : base-bare-brae-bray,3 : base-bare-yare,4 : case-care-cere-cero,
wall, , , , , , , , , , , , , , , , , , , , , , , , , , , , , , , , , , , , , , , , , , , , , , , , , , , , , , , , , , , , , , , , , , , , , , , , , , , , , , , , , , , , , , , , , , , , , , , ,2 : wale-ware,1 : wale,1 : well,2 : will-wild,3 : well-weld-wold,3 : well-weld-wold,4 : pall-paly-play-pray,3 : call-carl-carn,4 : hall-hell-herl-hero,
warm, , , , , , , , , , , , , , , , , , , , , , , , , , , , , , , , , , , , , , , , , , , , , , , , , , , , , , , , , , , , , , , , , , , , , , , , , , , , , , , , , , , , , , , , , , , , , , , , ,1 : ware,3 : ware-wale-wall,2 : ward-wand,3 : worm-word-wold,2 : worm-word,3 : ward-yard-dray,1 : warn,3 : harm-herm-hero,
wave, , , , , , , , , , , , , , , , , , , , , , , , , , , , , , , , , , , , , , , , , , , , , , , , , , , , , , , , , , , , , , , , , , , , , , , , , , , , , , , , , , , , , , , , , , , , , , , , , ,2 : wale-wall,2 : wive-wine,4 : rave-rove-role-rolf,3 : wove-wore-word,4 : fave-fare-frae-fray,2 : ware-yare,4 : cave-cove-core-cero,
well, , , , , , , , , , , , , , , , , , , , , , , , , , , , , , , , , , , , , , , , , , , , , , , , , , , , , , , , , , , , , , , , , , , , , , , , , , , , , , , , , , , , , , , , , , , , , , , , , , ,2 : will-wild,2 : weld-wold,2 : weld-wold,5 : bell-belt-beat-brat-bray,4 : cell-call-carl-carn,3 : hell-herl-hero,
wind, , , , , , , , , , , , , , , , , , , , , , , , , , , , , , , , , , , , , , , , , , , , , , , , , , , , , , , , , , , , , , , , , , , , , , , , , , , , , , , , , , , , , , , , , , , , , , , , , , , ,2 : wild-wold,2 : wild-wold,4 : wand-ward-yard-dray,3 : rind-rand-darn,5 : hind-hand-hard-herd-hero,
wolf, , , , , , , , , , , , , , , , , , , , , , , , , , , , , , , , , , , , , , , , , , , , , , , , , , , , , , , , , , , , , , , , , , , , , , , , , , , , , , , , , , , , , , , , , , , , , , , , , , , , ,1 : woof,4 : flow-flaw-flay-fray,4 : wold-word-ward-yard,5 : rolf-role-cole-core-cero,
wood, , , , , , , , , , , , , , , , , , , , , , , , , , , , , , , , , , , , , , , , , , , , , , , , , , , , , , , , , , , , , , , , , , , , , , , , , , , , , , , , , , , , , , , , , , , , , , , , , , , , , ,4 : good-goad-grad-gray,3 : word-ward-yard,4 : hood-hoed-hoer-hero,
xray, , , , , , , , , , , , , , , , , , , , , , , , , , , , , , , , , , , , , , , , , , , , , , , , , , , , , , , , , , , , , , , , , , , , , , , , , , , , , , , , , , , , , , , , , , , , , , , , , , , , , , ,2 : dray-yard,5 : dray-yard-hard-herd-hero,
yarn, , , , , , , , , , , , , , , , , , , , , , , , , , , , , , , , , , , , , , , , , , , , , , , , , , , , , , , , , , , , , , , , , , , , , , , , , , , , , , , , , , , , , , , , , , , , , , , , , , , , , , , ,3 : yare-aery-aero,
zero, , , , , , , , , , , , , , , , , , , , , , , , , , , , , , , , , , , , , , , , , , , , , , , , , , , , , , , , , , , , , , , , , , , , , , , , , , , , , , , , , , , , , , , , , , , , , , , , , , , , , , , , ,
